Workbook
Name L_ACTI_INACTI: Listes!$A$2:$A$3
Name L_CLASSE: Listes!$C$2:$C$4
Name L_FDV: Listes!$B$2:$B$5
Name L_ON: Listes!$D$2:$D$3

Sheet Mode Opératoire
B2: SIMULATEUR DE PRODUCTION
L4: by Loryan
B6: Onglet 1. Base | C6: Dans cet onglet vous allez remplir les infos de votre compte
C7: Attention de ne modifier que les cellules des lignes avec pastille bleues !
B9: Onglet 2. Simulation | C9: Dans cet onglet, vous allez venir remplir les infos de ce que vous souhaitez changer
C10: Attention de ne modifier que les cellules des lignes avec pastille bleues !
B12: Onglet 3. Comparaison | C12: Dans cet onglet, rien besoin de remplir, vous pourrez voir ligne par ligne ce qui est modifié entre la Simulation et la Base
C13: Par défaut, ce qui est en vert est amélioré dans la Simulation
C14: Par défaut, ce qui est en rouge est déprécié dans la Simulation
B16: Onglet 4. Synthèse | C16: Dans cet onglet, idem, rien besoin de remplir, vous aurez une vue un peu plus synthétique de vos gains/pertes
C17: Par défaut, ce qui est en vert est amélioré dans la Simulation
C18: Par défaut, ce qui est en rouge est déprécié dans la Simulation
B20: A retenir | C20: Les arrondis peuvent fausser l'affichage mais les données sont justes, si vous voulez adapter les arrondis à 3 chiffres après la virgules c'est possible
C21: Je vous ai rempli une première planète exemple pour que vous ayez une idée de ce que ça donne une fois rempli :)

Sheet 1. Base
D2: Vitesse de l'Univers ● | E2: 10 | G2: Géologue Actif ● | I2: Oui | K2: Bonus Humain ● | M2: 0.099 | P2: Bonus Métal Global Tech FDV ● | T2: =Y41+Y43+Y47+Y49+Y57+Y59+Y69 -> 0.07942
D3: Classe choisie ● | E3: Explorateur | G3: Full Offi Actif ● | I3: Oui | K3: Bonus Méca ● | M3: 0.097 | P3: Bonus Cristal Global tech FDV ● | T3: =Y41+Y43+Y47+Y49+Y69 -> 0.05214
G4: Classe Marchand ● | I4: Oui | K4: Bonus Rocta ● | M4: 0.1 | P4: Bonus Deut Global Tech FDV ● | T4: =Y41+Y43+Y45+Y47+Y49+Y53+Y69 -> 0.08646
K5: Bonus Kaelesh ● | M5: 0.098 | P5: Bonus Collecteur ● | T5: =Y65 -> 0
B6: ● | C6: Remplir la ligne
B7: ● | C7: Ne pas toucher la ligne (formules)
D8: N° de Planète | E8: Planète 1 | F8: Planète 2 | G8: Planète 3 | H8: Planète 4 | I8: Planète 5 | J8: Planète 6 | K8: Planète 7 | L8: Planète 8 | M8: Planète 9 | N8: Planète 10 | O8: Planète 11 | P8: Planète 12 | Q8: Planète 13 | R8: Planète 14 | S8: Planète 15 | T8: Planète 16 | U8: Planète 17 | V8: Planète 18 | W8: Planète 19 | X8: Planète 20 | Y8: Total
B9: ● | C9: Infos de Base | D9: Nom de Planète | E9: Birgitte
B10: ● | D10: Coordonnées de la Planète | E10: 3:198:15
B11: ● | D11: Position de la Planète | E11: =--MID(E10,SEARCH(":",E10,SEARCH(":",E10)+1)+1,LEN(E10)) -> 15
B12: ● | D12: Température Max | E12: -130
B13: ● | D13: Race Choisie | E13: Rocta
B14: ● | D14: Nb Max de foreuses | E14: =IF(AND($E$3="Collecteur",$I$2="Oui"),(E17+E18+E19)*8*1.1,(E17+E18+E19)*8) -> 1040 | F14: =IF(AND($E$3="Collecteur",$I$2="Oui"),(F17+F18+F19)*8*1.1,(F17+F18+F19)*8) -> 0 | G14: =IF(AND($E$3="Collecteur",$I$2="Oui"),(G17+G18+G19)*8*1.1,(G17+G18+G19)*8) -> 0 | H14: =IF(AND($E$3="Collecteur",$I$2="Oui"),(H17+H18+H19)*8*1.1,(H17+H18+H19)*8) -> 0 | I14: =IF(AND($E$3="Collecteur",$I$2="Oui"),(I17+I18+I19)*8*1.1,(I17+I18+I19)*8) -> 0 | J14: =IF(AND($E$3="Collecteur",$I$2="Oui"),(J17+J18+J19)*8*1.1,(J17+J18+J19)*8) -> 0 | K14: =IF(AND($E$3="Collecteur",$I$2="Oui"),(K17+K18+K19)*8*1.1,(K17+K18+K19)*8) -> 0 | L14: =IF(AND($E$3="Collecteur",$I$2="Oui"),(L17+L18+L19)*8*1.1,(L17+L18+L19)*8) -> 0 | ... X14: =IF(AND($E$3="Collecteur",$I$2="Oui"),(X17+X18+X19)*8*1.1,(X17+X18+X19)*8) -> 0
B15: ● | D15: Alerte Foreuse | E15: =IF(E28>=E14,"OK","UP") -> OK | F15: =IF(F28>=F14,"OK","UP") -> OK | G15: =IF(G28>=G14,"OK","UP") -> OK | H15: =IF(H28>=H14,"OK","UP") -> OK | I15: =IF(I28>=I14,"OK","UP") -> OK | J15: =IF(J28>=J14,"OK","UP") -> OK | K15: =IF(K28>=K14,"OK","UP") -> OK | L15: =IF(L28>=L14,"OK","UP") -> OK | ... X15: =IF(X28>=X14,"OK","UP") -> OK
B17: ● | C17: Infos Mines & Bats Prod FDV | D17: Mine de Métal | E17: 48 | Y17: =SUM(E17:X17) -> 48
B18: ● | D18: Mine de Cristal | E18: 39 | Y18: =SUM(E18:X18) -> 39
B19: ● | D19: Mine de Deut | E19: 43 | Y19: =SUM(E19:X19) -> 43
B20: ● | D20: Centrale Fusion | E20: 24 | Y20: =SUM(E20:X20) -> 24
B21: ● | D21: Fusion Magmatique (Rocta) (Mét 2%) | E21: 23 | Y21: =SUM(E21:X21) -> 23
B22: ● | D22: Raffinerie de Cristaux (Rocta) (Cri 2%) | E22: 13 | Y22: =SUM(E22:X22) -> 13
B23: ● | D23: Synto de Deut (Rocta) (Deut 2%) | E23: 17 | Y23: =SUM(E23:X23) -> 17
B24: ● | D24: Fusion à haute énergie (Humains) (Mét 1,5%) | E24: 0 | Y24: =SUM(E24:X24) -> 0
B25: ● | D25: Extraction par fusion (Humains) (Cri 1,5%) | E25: 0 | Y25: =SUM(E25:X25) -> 0
B26: ● | D26: Extraction par fusion (Humains) (Deut 1%) | E26: 0 | Y26: =SUM(E26:X26) -> 0
B27: ● | D27: Synthétiseur à haut rendement (Méca) (Deut 2%) | E27: 0 | Y27: =SUM(E27:X27) -> 0
B28: ● | D28: Nombre de Foreuses | E28: 1200 | Y28: =SUM(E28:X28) -> 1200
B29: ● | D29: Tech Plasma | E29: 23 | Y29: =AVERAGE(E29:X29) -> 23
B31: ● | C31: Objets | D31: % Bonus Objet Mét | E31: 0
B32: ● | D32: % Bonus Objet Cri | E32: 0
B33: ● | D33: % Bonus Objet Deut | E33: 0.4
B35: ● | C35: Bat Boost Tech FDV | D35: Métro (Humain) (0,5%) | E35: 0 | Y35: =SUM(E35:X35) -> 0
B36: ● | D36: Transfo Hyper (Méca) (0,3%) | E36: 0 | Y36: =SUM(E36:X36) -> 0
B37: ● | D37: Prod de Puces (Méca) (0,4%) | E37: 0 | Y37: =SUM(E37:X37) -> 0
B38: ● | D38: Labo de Clonage (Kaelesh) (0,25%) | E38: 0 | Y38: =SUM(E38:X38) -> 0
B40: ● | C40: Actif | D40: 1-2 Humain (Trio) (0,06%) | E40: 19 | Y40: =SUM(E40:X40) -> 19
B41: ● | D41: Bonus Mét + Cri + Deut | E41: =IF($C$40="Inactif",0,IF(E13="Rocta",E40*0.06%+E40*0.06%*$M$4,IF(E13="Humains",E40*0.06%+E40*0.06%*$M$2+E40*0.06%*E35*0.5%,IF(E13="Méca",E40*0.06%+E40*0.06%*$M$3+E40*0.06%*E36*0.3%+E40*0.06%*E37*0.4%,E40*0.06%+E40*0.06%*$M$5+E40*0.06%*E38*0.25%)))) -> 0.01254 | F41: =IF($C$40="Inactif",0,IF(F13="Rocta",F40*0.06%+F40*0.06%*$M$4,IF(F13="Humains",F40*0.06%+F40*0.06%*$M$2+F40*0.06%*F35*0.5%,IF(F13="Méca",F40*0.06%+F40*0.06%*$M$3+F40*0.06%*F36*0.3%+F40*0.06%*F37*0.4%,F40*0.06%+F40*0.06%*$M$5+F40*0.06%*F38*0.25%)))) -> 0 | G41: =IF($C$40="Inactif",0,IF(G13="Rocta",G40*0.06%+G40*0.06%*$M$4,IF(G13="Humains",G40*0.06%+G40*0.06%*$M$2+G40*0.06%*G35*0.5%,IF(G13="Méca",G40*0.06%+G40*0.06%*$M$3+G40*0.06%*G36*0.3%+G40*0.06%*G37*0.4%,G40*0.06%+G40*0.06%*$M$5+G40*0.06%*G38*0.25%)))) -> 0 | H41: =IF($C$40="Inactif",0,IF(H13="Rocta",H40*0.06%+H40*0.06%*$M$4,IF(H13="Humains",H40*0.06%+H40*0.06%*$M$2+H40*0.06%*H35*0.5%,IF(H13="Méca",H40*0.06%+H40*0.06%*$M$3+H40*0.06%*H36*0.3%+H40*0.06%*H37*0.4%,H40*0.06%+H40*0.06%*$M$5+H40*0.06%*H38*0.25%)))) -> 0 | I41: =IF($C$40="Inactif",0,IF(I13="Rocta",I40*0.06%+I40*0.06%*$M$4,IF(I13="Humains",I40*0.06%+I40*0.06%*$M$2+I40*0.06%*I35*0.5%,IF(I13="Méca",I40*0.06%+I40*0.06%*$M$3+I40*0.06%*I36*0.3%+I40*0.06%*I37*0.4%,I40*0.06%+I40*0.06%*$M$5+I40*0.06%*I38*0.25%)))) -> 0 | J41: =IF($C$40="Inactif",0,IF(J13="Rocta",J40*0.06%+J40*0.06%*$M$4,IF(J13="Humains",J40*0.06%+J40*0.06%*$M$2+J40*0.06%*J35*0.5%,IF(J13="Méca",J40*0.06%+J40*0.06%*$M$3+J40*0.06%*J36*0.3%+J40*0.06%*J37*0.4%,J40*0.06%+J40*0.06%*$M$5+J40*0.06%*J38*0.25%)))) -> 0 | K41: =IF($C$40="Inactif",0,IF(K13="Rocta",K40*0.06%+K40*0.06%*$M$4,IF(K13="Humains",K40*0.06%+K40*0.06%*$M$2+K40*0.06%*K35*0.5%,IF(K13="Méca",K40*0.06%+K40*0.06%*$M$3+K40*0.06%*K36*0.3%+K40*0.06%*K37*0.4%,K40*0.06%+K40*0.06%*$M$5+K40*0.06%*K38*0.25%)))) -> 0 | L41: =IF($C$40="Inactif",0,IF(L13="Rocta",L40*0.06%+L40*0.06%*$M$4,IF(L13="Humains",L40*0.06%+L40*0.06%*$M$2+L40*0.06%*L35*0.5%,IF(L13="Méca",L40*0.06%+L40*0.06%*$M$3+L40*0.06%*L36*0.3%+L40*0.06%*L37*0.4%,L40*0.06%+L40*0.06%*$M$5+L40*0.06%*L38*0.25%)))) -> 0 | ... X41: =IF($C$40="Inactif",0,IF(X13="Rocta",X40*0.06%+X40*0.06%*$M$4,IF(X13="Humains",X40*0.06%+X40*0.06%*$M$2+X40*0.06%*X35*0.5%,IF(X13="Méca",X40*0.06%+X40*0.06%*$M$3+X40*0.06%*X36*0.3%+X40*0.06%*X37*0.4%,X40*0.06%+X40*0.06%*$M$5+X40*0.06%*X38*0.25%)))) -> 0 | Y41: =SUM(E41:X41) -> 0.01254
B42: ● | C42: Actif | D42: 2-2 Humain (Trio) (0,06%) | E42: 16 | Y42: =SUM(E42:X42) -> 16
B43: ● | D43: Bonus Mét + Cri + Deut | E43: =IF($C$42="Inactif",0,IF(E13="Rocta",E42*0.06%+E42*0.06%*$M$4,IF(E13="Humains",E42*0.06%+E42*0.06%*$M$2+E42*0.06%*E35*0.5%,IF(E13="Méca",E42*0.06%+E42*0.06%*$M$3+E42*0.06%*E36*0.3%+E42*0.06%*E37*0.4%,E42*0.06%+E42*0.06%*$M$5+E42*0.06%*E38*0.25%)))) -> 0.01056 | F43: =IF($C$42="Inactif",0,IF(F13="Rocta",F42*0.06%+F42*0.06%*$M$4,IF(F13="Humains",F42*0.06%+F42*0.06%*$M$2+F42*0.06%*F35*0.5%,IF(F13="Méca",F42*0.06%+F42*0.06%*$M$3+F42*0.06%*F36*0.3%+F42*0.06%*F37*0.4%,F42*0.06%+F42*0.06%*$M$5+F42*0.06%*F38*0.25%)))) -> 0 | G43: =IF($C$42="Inactif",0,IF(G13="Rocta",G42*0.06%+G42*0.06%*$M$4,IF(G13="Humains",G42*0.06%+G42*0.06%*$M$2+G42*0.06%*G35*0.5%,IF(G13="Méca",G42*0.06%+G42*0.06%*$M$3+G42*0.06%*G36*0.3%+G42*0.06%*G37*0.4%,G42*0.06%+G42*0.06%*$M$5+G42*0.06%*G38*0.25%)))) -> 0 | H43: =IF($C$42="Inactif",0,IF(H13="Rocta",H42*0.06%+H42*0.06%*$M$4,IF(H13="Humains",H42*0.06%+H42*0.06%*$M$2+H42*0.06%*H35*0.5%,IF(H13="Méca",H42*0.06%+H42*0.06%*$M$3+H42*0.06%*H36*0.3%+H42*0.06%*H37*0.4%,H42*0.06%+H42*0.06%*$M$5+H42*0.06%*H38*0.25%)))) -> 0 | I43: =IF($C$42="Inactif",0,IF(I13="Rocta",I42*0.06%+I42*0.06%*$M$4,IF(I13="Humains",I42*0.06%+I42*0.06%*$M$2+I42*0.06%*I35*0.5%,IF(I13="Méca",I42*0.06%+I42*0.06%*$M$3+I42*0.06%*I36*0.3%+I42*0.06%*I37*0.4%,I42*0.06%+I42*0.06%*$M$5+I42*0.06%*I38*0.25%)))) -> 0 | J43: =IF($C$42="Inactif",0,IF(J13="Rocta",J42*0.06%+J42*0.06%*$M$4,IF(J13="Humains",J42*0.06%+J42*0.06%*$M$2+J42*0.06%*J35*0.5%,IF(J13="Méca",J42*0.06%+J42*0.06%*$M$3+J42*0.06%*J36*0.3%+J42*0.06%*J37*0.4%,J42*0.06%+J42*0.06%*$M$5+J42*0.06%*J38*0.25%)))) -> 0 | K43: =IF($C$42="Inactif",0,IF(K13="Rocta",K42*0.06%+K42*0.06%*$M$4,IF(K13="Humains",K42*0.06%+K42*0.06%*$M$2+K42*0.06%*K35*0.5%,IF(K13="Méca",K42*0.06%+K42*0.06%*$M$3+K42*0.06%*K36*0.3%+K42*0.06%*K37*0.4%,K42*0.06%+K42*0.06%*$M$5+K42*0.06%*K38*0.25%)))) -> 0 | L43: =IF($C$42="Inactif",0,IF(L13="Rocta",L42*0.06%+L42*0.06%*$M$4,IF(L13="Humains",L42*0.06%+L42*0.06%*$M$2+L42*0.06%*L35*0.5%,IF(L13="Méca",L42*0.06%+L42*0.06%*$M$3+L42*0.06%*L36*0.3%+L42*0.06%*L37*0.4%,L42*0.06%+L42*0.06%*$M$5+L42*0.06%*L38*0.25%)))) -> 0 | ... X43: =IF($C$42="Inactif",0,IF(X13="Rocta",X42*0.06%+X42*0.06%*$M$4,IF(X13="Humains",X42*0.06%+X42*0.06%*$M$2+X42*0.06%*X35*0.5%,IF(X13="Méca",X42*0.06%+X42*0.06%*$M$3+X42*0.06%*X36*0.3%+X42*0.06%*X37*0.4%,X42*0.06%+X42*0.06%*$M$5+X42*0.06%*X38*0.25%)))) -> 0 | Y43: =SUM(E43:X43) -> 0.01056
B44: ● | C44: Actif | D44: 1-1 Méca (Deut) (0,08%) | E44: 20 | Y44: =SUM(E44:X44) -> 20
B45: ● | D45: Bonus Deut | E45: =IF($C$44="Inactif",0,IF(E13="Rocta",E44*0.08%+E44*0.08%*$M$4,IF(E13="Humains",E44*0.08%+E44*0.08%*$M$2+E44*0.08%*E35*0.5%,IF(E13="Méca",E44*0.08%+E44*0.08%*$M$3+E44*0.08%*E36*0.3%+E44*0.08%*E37*0.4%,E44*0.08%+E44*0.08%*$M$5+E44*0.08%*E38*0.25%)))) -> 0.0176 | F45: =IF($C$44="Inactif",0,IF(F13="Rocta",F44*0.08%+F44*0.08%*$M$4,IF(F13="Humains",F44*0.08%+F44*0.08%*$M$2+F44*0.08%*F35*0.5%,IF(F13="Méca",F44*0.08%+F44*0.08%*$M$3+F44*0.08%*F36*0.3%+F44*0.08%*F37*0.4%,F44*0.08%+F44*0.08%*$M$5+F44*0.08%*F38*0.25%)))) -> 0 | G45: =IF($C$44="Inactif",0,IF(G13="Rocta",G44*0.08%+G44*0.08%*$M$4,IF(G13="Humains",G44*0.08%+G44*0.08%*$M$2+G44*0.08%*G35*0.5%,IF(G13="Méca",G44*0.08%+G44*0.08%*$M$3+G44*0.08%*G36*0.3%+G44*0.08%*G37*0.4%,G44*0.08%+G44*0.08%*$M$5+G44*0.08%*G38*0.25%)))) -> 0 | H45: =IF($C$44="Inactif",0,IF(H13="Rocta",H44*0.08%+H44*0.08%*$M$4,IF(H13="Humains",H44*0.08%+H44*0.08%*$M$2+H44*0.08%*H35*0.5%,IF(H13="Méca",H44*0.08%+H44*0.08%*$M$3+H44*0.08%*H36*0.3%+H44*0.08%*H37*0.4%,H44*0.08%+H44*0.08%*$M$5+H44*0.08%*H38*0.25%)))) -> 0 | I45: =IF($C$44="Inactif",0,IF(I13="Rocta",I44*0.08%+I44*0.08%*$M$4,IF(I13="Humains",I44*0.08%+I44*0.08%*$M$2+I44*0.08%*I35*0.5%,IF(I13="Méca",I44*0.08%+I44*0.08%*$M$3+I44*0.08%*I36*0.3%+I44*0.08%*I37*0.4%,I44*0.08%+I44*0.08%*$M$5+I44*0.08%*I38*0.25%)))) -> 0 | J45: =IF($C$44="Inactif",0,IF(J13="Rocta",J44*0.08%+J44*0.08%*$M$4,IF(J13="Humains",J44*0.08%+J44*0.08%*$M$2+J44*0.08%*J35*0.5%,IF(J13="Méca",J44*0.08%+J44*0.08%*$M$3+J44*0.08%*J36*0.3%+J44*0.08%*J37*0.4%,J44*0.08%+J44*0.08%*$M$5+J44*0.08%*J38*0.25%)))) -> 0 | K45: =IF($C$44="Inactif",0,IF(K13="Rocta",K44*0.08%+K44*0.08%*$M$4,IF(K13="Humains",K44*0.08%+K44*0.08%*$M$2+K44*0.08%*K35*0.5%,IF(K13="Méca",K44*0.08%+K44*0.08%*$M$3+K44*0.08%*K36*0.3%+K44*0.08%*K37*0.4%,K44*0.08%+K44*0.08%*$M$5+K44*0.08%*K38*0.25%)))) -> 0 | L45: =IF($C$44="Inactif",0,IF(L13="Rocta",L44*0.08%+L44*0.08%*$M$4,IF(L13="Humains",L44*0.08%+L44*0.08%*$M$2+L44*0.08%*L35*0.5%,IF(L13="Méca",L44*0.08%+L44*0.08%*$M$3+L44*0.08%*L36*0.3%+L44*0.08%*L37*0.4%,L44*0.08%+L44*0.08%*$M$5+L44*0.08%*L38*0.25%)))) -> 0 | ... X45: =IF($C$44="Inactif",0,IF(X13="Rocta",X44*0.08%+X44*0.08%*$M$4,IF(X13="Humains",X44*0.08%+X44*0.08%*$M$2+X44*0.08%*X35*0.5%,IF(X13="Méca",X44*0.08%+X44*0.08%*$M$3+X44*0.08%*X36*0.3%+X44*0.08%*X37*0.4%,X44*0.08%+X44*0.08%*$M$5+X44*0.08%*X38*0.25%)))) -> 0 | Y45: =SUM(E45:X45) -> 0.0176
B46: ● | C46: Actif | D46: 1-6 Méca (Trio) (0,06%) | E46: 16 | Y46: =SUM(E46:X46) -> 16
B47: ● | D47: Bonus Mét + Cri + Deut | E47: =IF($C$46="Inactif",0,IF(E13="Rocta",E46*0.06%+E46*0.06%*$M$4,IF(E13="Humains",E46*0.06%+E46*0.06%*$M$2+E46*0.06%*E35*0.5%,IF(E13="Méca",E46*0.06%+E46*0.06%*$M$3+E46*0.06%*E36*0.3%+E46*0.06%*E37*0.4%,E46*0.06%+E46*0.06%*$M$5+E46*0.06%*E38*0.25%)))) -> 0.01056 | F47: =IF($C$46="Inactif",0,IF(F13="Rocta",F46*0.06%+F46*0.06%*$M$4,IF(F13="Humains",F46*0.06%+F46*0.06%*$M$2+F46*0.06%*F35*0.5%,IF(F13="Méca",F46*0.06%+F46*0.06%*$M$3+F46*0.06%*F36*0.3%+F46*0.06%*F37*0.4%,F46*0.06%+F46*0.06%*$M$5+F46*0.06%*F38*0.25%)))) -> 0 | G47: =IF($C$46="Inactif",0,IF(G13="Rocta",G46*0.06%+G46*0.06%*$M$4,IF(G13="Humains",G46*0.06%+G46*0.06%*$M$2+G46*0.06%*G35*0.5%,IF(G13="Méca",G46*0.06%+G46*0.06%*$M$3+G46*0.06%*G36*0.3%+G46*0.06%*G37*0.4%,G46*0.06%+G46*0.06%*$M$5+G46*0.06%*G38*0.25%)))) -> 0 | H47: =IF($C$46="Inactif",0,IF(H13="Rocta",H46*0.06%+H46*0.06%*$M$4,IF(H13="Humains",H46*0.06%+H46*0.06%*$M$2+H46*0.06%*H35*0.5%,IF(H13="Méca",H46*0.06%+H46*0.06%*$M$3+H46*0.06%*H36*0.3%+H46*0.06%*H37*0.4%,H46*0.06%+H46*0.06%*$M$5+H46*0.06%*H38*0.25%)))) -> 0 | I47: =IF($C$46="Inactif",0,IF(I13="Rocta",I46*0.06%+I46*0.06%*$M$4,IF(I13="Humains",I46*0.06%+I46*0.06%*$M$2+I46*0.06%*I35*0.5%,IF(I13="Méca",I46*0.06%+I46*0.06%*$M$3+I46*0.06%*I36*0.3%+I46*0.06%*I37*0.4%,I46*0.06%+I46*0.06%*$M$5+I46*0.06%*I38*0.25%)))) -> 0 | J47: =IF($C$46="Inactif",0,IF(J13="Rocta",J46*0.06%+J46*0.06%*$M$4,IF(J13="Humains",J46*0.06%+J46*0.06%*$M$2+J46*0.06%*J35*0.5%,IF(J13="Méca",J46*0.06%+J46*0.06%*$M$3+J46*0.06%*J36*0.3%+J46*0.06%*J37*0.4%,J46*0.06%+J46*0.06%*$M$5+J46*0.06%*J38*0.25%)))) -> 0 | K47: =IF($C$46="Inactif",0,IF(K13="Rocta",K46*0.06%+K46*0.06%*$M$4,IF(K13="Humains",K46*0.06%+K46*0.06%*$M$2+K46*0.06%*K35*0.5%,IF(K13="Méca",K46*0.06%+K46*0.06%*$M$3+K46*0.06%*K36*0.3%+K46*0.06%*K37*0.4%,K46*0.06%+K46*0.06%*$M$5+K46*0.06%*K38*0.25%)))) -> 0 | L47: =IF($C$46="Inactif",0,IF(L13="Rocta",L46*0.06%+L46*0.06%*$M$4,IF(L13="Humains",L46*0.06%+L46*0.06%*$M$2+L46*0.06%*L35*0.5%,IF(L13="Méca",L46*0.06%+L46*0.06%*$M$3+L46*0.06%*L36*0.3%+L46*0.06%*L37*0.4%,L46*0.06%+L46*0.06%*$M$5+L46*0.06%*L38*0.25%)))) -> 0 | ... X47: =IF($C$46="Inactif",0,IF(X13="Rocta",X46*0.06%+X46*0.06%*$M$4,IF(X13="Humains",X46*0.06%+X46*0.06%*$M$2+X46*0.06%*X35*0.5%,IF(X13="Méca",X46*0.06%+X46*0.06%*$M$3+X46*0.06%*X36*0.3%+X46*0.06%*X37*0.4%,X46*0.06%+X46*0.06%*$M$5+X46*0.06%*X38*0.25%)))) -> 0 | Y47: =SUM(E47:X47) -> 0.01056
B48: ● | C48: Actif | D48: 3-1 Méca (Trio) (0,06%) | E48: 13 | Y48: =SUM(E48:X48) -> 13
B49: ● | D49: Bonus Mét + Cri + Deut | E49: =IF($C$48="Inactif",0,IF(E13="Rocta",E48*0.06%+E48*0.06%*$M$4,IF(E13="Humains",E48*0.06%+E48*0.06%*$M$2+E48*0.06%*E35*0.5%,IF(E13="Méca",E48*0.06%+E48*0.06%*$M$3+E48*0.06%*E36*0.3%+E48*0.06%*E37*0.4%,E48*0.06%+E48*0.06%*$M$5+E48*0.06%*E38*0.25%)))) -> 0.00858 | F49: =IF($C$48="Inactif",0,IF(F13="Rocta",F48*0.06%+F48*0.06%*$M$4,IF(F13="Humains",F48*0.06%+F48*0.06%*$M$2+F48*0.06%*F35*0.5%,IF(F13="Méca",F48*0.06%+F48*0.06%*$M$3+F48*0.06%*F36*0.3%+F48*0.06%*F37*0.4%,F48*0.06%+F48*0.06%*$M$5+F48*0.06%*F38*0.25%)))) -> 0 | G49: =IF($C$48="Inactif",0,IF(G13="Rocta",G48*0.06%+G48*0.06%*$M$4,IF(G13="Humains",G48*0.06%+G48*0.06%*$M$2+G48*0.06%*G35*0.5%,IF(G13="Méca",G48*0.06%+G48*0.06%*$M$3+G48*0.06%*G36*0.3%+G48*0.06%*G37*0.4%,G48*0.06%+G48*0.06%*$M$5+G48*0.06%*G38*0.25%)))) -> 0 | H49: =IF($C$48="Inactif",0,IF(H13="Rocta",H48*0.06%+H48*0.06%*$M$4,IF(H13="Humains",H48*0.06%+H48*0.06%*$M$2+H48*0.06%*H35*0.5%,IF(H13="Méca",H48*0.06%+H48*0.06%*$M$3+H48*0.06%*H36*0.3%+H48*0.06%*H37*0.4%,H48*0.06%+H48*0.06%*$M$5+H48*0.06%*H38*0.25%)))) -> 0 | I49: =IF($C$48="Inactif",0,IF(I13="Rocta",I48*0.06%+I48*0.06%*$M$4,IF(I13="Humains",I48*0.06%+I48*0.06%*$M$2+I48*0.06%*I35*0.5%,IF(I13="Méca",I48*0.06%+I48*0.06%*$M$3+I48*0.06%*I36*0.3%+I48*0.06%*I37*0.4%,I48*0.06%+I48*0.06%*$M$5+I48*0.06%*I38*0.25%)))) -> 0 | J49: =IF($C$48="Inactif",0,IF(J13="Rocta",J48*0.06%+J48*0.06%*$M$4,IF(J13="Humains",J48*0.06%+J48*0.06%*$M$2+J48*0.06%*J35*0.5%,IF(J13="Méca",J48*0.06%+J48*0.06%*$M$3+J48*0.06%*J36*0.3%+J48*0.06%*J37*0.4%,J48*0.06%+J48*0.06%*$M$5+J48*0.06%*J38*0.25%)))) -> 0 | K49: =IF($C$48="Inactif",0,IF(K13="Rocta",K48*0.06%+K48*0.06%*$M$4,IF(K13="Humains",K48*0.06%+K48*0.06%*$M$2+K48*0.06%*K35*0.5%,IF(K13="Méca",K48*0.06%+K48*0.06%*$M$3+K48*0.06%*K36*0.3%+K48*0.06%*K37*0.4%,K48*0.06%+K48*0.06%*$M$5+K48*0.06%*K38*0.25%)))) -> 0 | L49: =IF($C$48="Inactif",0,IF(L13="Rocta",L48*0.06%+L48*0.06%*$M$4,IF(L13="Humains",L48*0.06%+L48*0.06%*$M$2+L48*0.06%*L35*0.5%,IF(L13="Méca",L48*0.06%+L48*0.06%*$M$3+L48*0.06%*L36*0.3%+L48*0.06%*L37*0.4%,L48*0.06%+L48*0.06%*$M$5+L48*0.06%*L38*0.25%)))) -> 0 | ... X49: =IF($C$48="Inactif",0,IF(X13="Rocta",X48*0.06%+X48*0.06%*$M$4,IF(X13="Humains",X48*0.06%+X48*0.06%*$M$2+X48*0.06%*X35*0.5%,IF(X13="Méca",X48*0.06%+X48*0.06%*$M$3+X48*0.06%*X36*0.3%+X48*0.06%*X37*0.4%,X48*0.06%+X48*0.06%*$M$5+X48*0.06%*X38*0.25%)))) -> 0 | Y49: =SUM(E49:X49) -> 0.00858
B50: ● | C50: Inactif | D50: 1-2 Rocta (Cri) (0,08%) | E50: 14 | Y50: =SUM(E50:X50) -> 14
B51: ● | D51: Bonus Cri | E51: =IF($C$50="Inactif",0,IF(E13="Rocta",E50*0.08%+E50*0.08%*$M$4,IF(E13="Humains",E50*0.08%+E50*0.08%*$M$2+E50*0.08%*E35*0.5%,IF(E13="Méca",E50*0.08%+E50*0.08%*$M$3+E50*0.08%*E36*0.3%+E50*0.08%*E37*0.4%,E50*0.08%+E50*0.08%*$M$5+E50*0.08%*E38*0.25%)))) -> 0 | F51: =IF($C$50="Inactif",0,IF(F13="Rocta",F50*0.08%+F50*0.08%*$M$4,IF(F13="Humains",F50*0.08%+F50*0.08%*$M$2+F50*0.08%*F35*0.5%,IF(F13="Méca",F50*0.08%+F50*0.08%*$M$3+F50*0.08%*F36*0.3%+F50*0.08%*F37*0.4%,F50*0.08%+F50*0.08%*$M$5+F50*0.08%*F38*0.25%)))) -> 0 | G51: =IF($C$50="Inactif",0,IF(G13="Rocta",G50*0.08%+G50*0.08%*$M$4,IF(G13="Humains",G50*0.08%+G50*0.08%*$M$2+G50*0.08%*G35*0.5%,IF(G13="Méca",G50*0.08%+G50*0.08%*$M$3+G50*0.08%*G36*0.3%+G50*0.08%*G37*0.4%,G50*0.08%+G50*0.08%*$M$5+G50*0.08%*G38*0.25%)))) -> 0 | H51: =IF($C$50="Inactif",0,IF(H13="Rocta",H50*0.08%+H50*0.08%*$M$4,IF(H13="Humains",H50*0.08%+H50*0.08%*$M$2+H50*0.08%*H35*0.5%,IF(H13="Méca",H50*0.08%+H50*0.08%*$M$3+H50*0.08%*H36*0.3%+H50*0.08%*H37*0.4%,H50*0.08%+H50*0.08%*$M$5+H50*0.08%*H38*0.25%)))) -> 0 | I51: =IF($C$50="Inactif",0,IF(I13="Rocta",I50*0.08%+I50*0.08%*$M$4,IF(I13="Humains",I50*0.08%+I50*0.08%*$M$2+I50*0.08%*I35*0.5%,IF(I13="Méca",I50*0.08%+I50*0.08%*$M$3+I50*0.08%*I36*0.3%+I50*0.08%*I37*0.4%,I50*0.08%+I50*0.08%*$M$5+I50*0.08%*I38*0.25%)))) -> 0 | J51: =IF($C$50="Inactif",0,IF(J13="Rocta",J50*0.08%+J50*0.08%*$M$4,IF(J13="Humains",J50*0.08%+J50*0.08%*$M$2+J50*0.08%*J35*0.5%,IF(J13="Méca",J50*0.08%+J50*0.08%*$M$3+J50*0.08%*J36*0.3%+J50*0.08%*J37*0.4%,J50*0.08%+J50*0.08%*$M$5+J50*0.08%*J38*0.25%)))) -> 0 | K51: =IF($C$50="Inactif",0,IF(K13="Rocta",K50*0.08%+K50*0.08%*$M$4,IF(K13="Humains",K50*0.08%+K50*0.08%*$M$2+K50*0.08%*K35*0.5%,IF(K13="Méca",K50*0.08%+K50*0.08%*$M$3+K50*0.08%*K36*0.3%+K50*0.08%*K37*0.4%,K50*0.08%+K50*0.08%*$M$5+K50*0.08%*K38*0.25%)))) -> 0 | L51: =IF($C$50="Inactif",0,IF(L13="Rocta",L50*0.08%+L50*0.08%*$M$4,IF(L13="Humains",L50*0.08%+L50*0.08%*$M$2+L50*0.08%*L35*0.5%,IF(L13="Méca",L50*0.08%+L50*0.08%*$M$3+L50*0.08%*L36*0.3%+L50*0.08%*L37*0.4%,L50*0.08%+L50*0.08%*$M$5+L50*0.08%*L38*0.25%)))) -> 0 | ... X51: =IF($C$50="Inactif",0,IF(X13="Rocta",X50*0.08%+X50*0.08%*$M$4,IF(X13="Humains",X50*0.08%+X50*0.08%*$M$2+X50*0.08%*X35*0.5%,IF(X13="Méca",X50*0.08%+X50*0.08%*$M$3+X50*0.08%*X36*0.3%+X50*0.08%*X37*0.4%,X50*0.08%+X50*0.08%*$M$5+X50*0.08%*X38*0.25%)))) -> 0 | Y51: =SUM(E51:X51) -> 0
B52: ● | C52: Actif | D52: 1-3 Rocta (Deut) (0,08%) | E52: 19 | Y52: =SUM(E52:X52) -> 19
B53: ● | D53: Bonus Deut | E53: =IF($C$52="Inactif",0,IF(E13="Rocta",E52*0.08%+E52*0.08%*$M$4,IF(E13="Humains",E52*0.08%+E52*0.08%*$M$2+E52*0.08%*E35*0.5%,IF(E13="Méca",E52*0.08%+E52*0.08%*$M$3+E52*0.08%*E36*0.3%+E52*0.08%*E37*0.4%,E52*0.08%+E52*0.08%*$M$5+E52*0.08%*E38*0.25%)))) -> 0.01672 | F53: =IF($C$52="Inactif",0,IF(F13="Rocta",F52*0.08%+F52*0.08%*$M$4,IF(F13="Humains",F52*0.08%+F52*0.08%*$M$2+F52*0.08%*F35*0.5%,IF(F13="Méca",F52*0.08%+F52*0.08%*$M$3+F52*0.08%*F36*0.3%+F52*0.08%*F37*0.4%,F52*0.08%+F52*0.08%*$M$5+F52*0.08%*F38*0.25%)))) -> 0 | G53: =IF($C$52="Inactif",0,IF(G13="Rocta",G52*0.08%+G52*0.08%*$M$4,IF(G13="Humains",G52*0.08%+G52*0.08%*$M$2+G52*0.08%*G35*0.5%,IF(G13="Méca",G52*0.08%+G52*0.08%*$M$3+G52*0.08%*G36*0.3%+G52*0.08%*G37*0.4%,G52*0.08%+G52*0.08%*$M$5+G52*0.08%*G38*0.25%)))) -> 0 | H53: =IF($C$52="Inactif",0,IF(H13="Rocta",H52*0.08%+H52*0.08%*$M$4,IF(H13="Humains",H52*0.08%+H52*0.08%*$M$2+H52*0.08%*H35*0.5%,IF(H13="Méca",H52*0.08%+H52*0.08%*$M$3+H52*0.08%*H36*0.3%+H52*0.08%*H37*0.4%,H52*0.08%+H52*0.08%*$M$5+H52*0.08%*H38*0.25%)))) -> 0 | I53: =IF($C$52="Inactif",0,IF(I13="Rocta",I52*0.08%+I52*0.08%*$M$4,IF(I13="Humains",I52*0.08%+I52*0.08%*$M$2+I52*0.08%*I35*0.5%,IF(I13="Méca",I52*0.08%+I52*0.08%*$M$3+I52*0.08%*I36*0.3%+I52*0.08%*I37*0.4%,I52*0.08%+I52*0.08%*$M$5+I52*0.08%*I38*0.25%)))) -> 0 | J53: =IF($C$52="Inactif",0,IF(J13="Rocta",J52*0.08%+J52*0.08%*$M$4,IF(J13="Humains",J52*0.08%+J52*0.08%*$M$2+J52*0.08%*J35*0.5%,IF(J13="Méca",J52*0.08%+J52*0.08%*$M$3+J52*0.08%*J36*0.3%+J52*0.08%*J37*0.4%,J52*0.08%+J52*0.08%*$M$5+J52*0.08%*J38*0.25%)))) -> 0 | K53: =IF($C$52="Inactif",0,IF(K13="Rocta",K52*0.08%+K52*0.08%*$M$4,IF(K13="Humains",K52*0.08%+K52*0.08%*$M$2+K52*0.08%*K35*0.5%,IF(K13="Méca",K52*0.08%+K52*0.08%*$M$3+K52*0.08%*K36*0.3%+K52*0.08%*K37*0.4%,K52*0.08%+K52*0.08%*$M$5+K52*0.08%*K38*0.25%)))) -> 0 | L53: =IF($C$52="Inactif",0,IF(L13="Rocta",L52*0.08%+L52*0.08%*$M$4,IF(L13="Humains",L52*0.08%+L52*0.08%*$M$2+L52*0.08%*L35*0.5%,IF(L13="Méca",L52*0.08%+L52*0.08%*$M$3+L52*0.08%*L36*0.3%+L52*0.08%*L37*0.4%,L52*0.08%+L52*0.08%*$M$5+L52*0.08%*L38*0.25%)))) -> 0 | ... X53: =IF($C$52="Inactif",0,IF(X13="Rocta",X52*0.08%+X52*0.08%*$M$4,IF(X13="Humains",X52*0.08%+X52*0.08%*$M$2+X52*0.08%*X35*0.5%,IF(X13="Méca",X52*0.08%+X52*0.08%*$M$3+X52*0.08%*X36*0.3%+X52*0.08%*X37*0.4%,X52*0.08%+X52*0.08%*$M$5+X52*0.08%*X38*0.25%)))) -> 0 | Y53: =SUM(E53:X53) -> 0.01672
B54: ● | C54: Inactif | D54: 1-5 Rocta (Trio) (0,06%) | E54: 12 | Y54: =SUM(E54:X54) -> 12
B55: ● | D55: Bonus Mét + Cri + Deut | E55: =IF($C$54="Inactif",0,IF(E13="Rocta",E54*0.06%+E54*0.06%*$M$4,IF(E13="Humains",E54*0.06%+E54*0.06%*$M$2+E54*0.06%*E35*0.5%,IF(E13="Méca",E54*0.06%+E54*0.06%*$M$3+E54*0.06%*E36*0.3%+E54*0.06%*E37*0.4%,E54*0.06%+E54*0.06%*$M$5+E54*0.06%*E38*0.25%)))) -> 0 | F55: =IF($C$54="Inactif",0,IF(F13="Rocta",F54*0.06%+F54*0.06%*$M$4,IF(F13="Humains",F54*0.06%+F54*0.06%*$M$2+F54*0.06%*F35*0.5%,IF(F13="Méca",F54*0.06%+F54*0.06%*$M$3+F54*0.06%*F36*0.3%+F54*0.06%*F37*0.4%,F54*0.06%+F54*0.06%*$M$5+F54*0.06%*F38*0.25%)))) -> 0 | G55: =IF($C$54="Inactif",0,IF(G13="Rocta",G54*0.06%+G54*0.06%*$M$4,IF(G13="Humains",G54*0.06%+G54*0.06%*$M$2+G54*0.06%*G35*0.5%,IF(G13="Méca",G54*0.06%+G54*0.06%*$M$3+G54*0.06%*G36*0.3%+G54*0.06%*G37*0.4%,G54*0.06%+G54*0.06%*$M$5+G54*0.06%*G38*0.25%)))) -> 0 | H55: =IF($C$54="Inactif",0,IF(H13="Rocta",H54*0.06%+H54*0.06%*$M$4,IF(H13="Humains",H54*0.06%+H54*0.06%*$M$2+H54*0.06%*H35*0.5%,IF(H13="Méca",H54*0.06%+H54*0.06%*$M$3+H54*0.06%*H36*0.3%+H54*0.06%*H37*0.4%,H54*0.06%+H54*0.06%*$M$5+H54*0.06%*H38*0.25%)))) -> 0 | I55: =IF($C$54="Inactif",0,IF(I13="Rocta",I54*0.06%+I54*0.06%*$M$4,IF(I13="Humains",I54*0.06%+I54*0.06%*$M$2+I54*0.06%*I35*0.5%,IF(I13="Méca",I54*0.06%+I54*0.06%*$M$3+I54*0.06%*I36*0.3%+I54*0.06%*I37*0.4%,I54*0.06%+I54*0.06%*$M$5+I54*0.06%*I38*0.25%)))) -> 0 | J55: =IF($C$54="Inactif",0,IF(J13="Rocta",J54*0.06%+J54*0.06%*$M$4,IF(J13="Humains",J54*0.06%+J54*0.06%*$M$2+J54*0.06%*J35*0.5%,IF(J13="Méca",J54*0.06%+J54*0.06%*$M$3+J54*0.06%*J36*0.3%+J54*0.06%*J37*0.4%,J54*0.06%+J54*0.06%*$M$5+J54*0.06%*J38*0.25%)))) -> 0 | K55: =IF($C$54="Inactif",0,IF(K13="Rocta",K54*0.06%+K54*0.06%*$M$4,IF(K13="Humains",K54*0.06%+K54*0.06%*$M$2+K54*0.06%*K35*0.5%,IF(K13="Méca",K54*0.06%+K54*0.06%*$M$3+K54*0.06%*K36*0.3%+K54*0.06%*K37*0.4%,K54*0.06%+K54*0.06%*$M$5+K54*0.06%*K38*0.25%)))) -> 0 | L55: =IF($C$54="Inactif",0,IF(L13="Rocta",L54*0.06%+L54*0.06%*$M$4,IF(L13="Humains",L54*0.06%+L54*0.06%*$M$2+L54*0.06%*L35*0.5%,IF(L13="Méca",L54*0.06%+L54*0.06%*$M$3+L54*0.06%*L36*0.3%+L54*0.06%*L37*0.4%,L54*0.06%+L54*0.06%*$M$5+L54*0.06%*L38*0.25%)))) -> 0 | ... X55: =IF($C$54="Inactif",0,IF(X13="Rocta",X54*0.06%+X54*0.06%*$M$4,IF(X13="Humains",X54*0.06%+X54*0.06%*$M$2+X54*0.06%*X35*0.5%,IF(X13="Méca",X54*0.06%+X54*0.06%*$M$3+X54*0.06%*X36*0.3%+X54*0.06%*X37*0.4%,X54*0.06%+X54*0.06%*$M$5+X54*0.06%*X38*0.25%)))) -> 0 | Y55: =SUM(E55:X55) -> 0
B56: ● | C56: Actif | D56: 2-1 Rocta (Mét) (0,08%) | E56: 16 | Y56: =SUM(E56:X56) -> 16
B57: ● | D57: Bonus Mét | E57: =IF($C$56="Inactif",0,IF(E13="Rocta",E56*0.08%+E56*0.08%*$M$4,IF(E13="Humains",E56*0.08%+E56*0.08%*$M$2+E56*0.08%*E35*0.5%,IF(E13="Méca",E56*0.08%+E56*0.08%*$M$3+E56*0.08%*E36*0.3%+E56*0.08%*E37*0.4%,E56*0.08%+E56*0.08%*$M$5+E56*0.08%*E38*0.25%)))) -> 0.01408 | F57: =IF($C$56="Inactif",0,IF(F13="Rocta",F56*0.08%+F56*0.08%*$M$4,IF(F13="Humains",F56*0.08%+F56*0.08%*$M$2+F56*0.08%*F35*0.5%,IF(F13="Méca",F56*0.08%+F56*0.08%*$M$3+F56*0.08%*F36*0.3%+F56*0.08%*F37*0.4%,F56*0.08%+F56*0.08%*$M$5+F56*0.08%*F38*0.25%)))) -> 0 | G57: =IF($C$56="Inactif",0,IF(G13="Rocta",G56*0.08%+G56*0.08%*$M$4,IF(G13="Humains",G56*0.08%+G56*0.08%*$M$2+G56*0.08%*G35*0.5%,IF(G13="Méca",G56*0.08%+G56*0.08%*$M$3+G56*0.08%*G36*0.3%+G56*0.08%*G37*0.4%,G56*0.08%+G56*0.08%*$M$5+G56*0.08%*G38*0.25%)))) -> 0 | H57: =IF($C$56="Inactif",0,IF(H13="Rocta",H56*0.08%+H56*0.08%*$M$4,IF(H13="Humains",H56*0.08%+H56*0.08%*$M$2+H56*0.08%*H35*0.5%,IF(H13="Méca",H56*0.08%+H56*0.08%*$M$3+H56*0.08%*H36*0.3%+H56*0.08%*H37*0.4%,H56*0.08%+H56*0.08%*$M$5+H56*0.08%*H38*0.25%)))) -> 0 | I57: =IF($C$56="Inactif",0,IF(I13="Rocta",I56*0.08%+I56*0.08%*$M$4,IF(I13="Humains",I56*0.08%+I56*0.08%*$M$2+I56*0.08%*I35*0.5%,IF(I13="Méca",I56*0.08%+I56*0.08%*$M$3+I56*0.08%*I36*0.3%+I56*0.08%*I37*0.4%,I56*0.08%+I56*0.08%*$M$5+I56*0.08%*I38*0.25%)))) -> 0 | J57: =IF($C$56="Inactif",0,IF(J13="Rocta",J56*0.08%+J56*0.08%*$M$4,IF(J13="Humains",J56*0.08%+J56*0.08%*$M$2+J56*0.08%*J35*0.5%,IF(J13="Méca",J56*0.08%+J56*0.08%*$M$3+J56*0.08%*J36*0.3%+J56*0.08%*J37*0.4%,J56*0.08%+J56*0.08%*$M$5+J56*0.08%*J38*0.25%)))) -> 0 | K57: =IF($C$56="Inactif",0,IF(K13="Rocta",K56*0.08%+K56*0.08%*$M$4,IF(K13="Humains",K56*0.08%+K56*0.08%*$M$2+K56*0.08%*K35*0.5%,IF(K13="Méca",K56*0.08%+K56*0.08%*$M$3+K56*0.08%*K36*0.3%+K56*0.08%*K37*0.4%,K56*0.08%+K56*0.08%*$M$5+K56*0.08%*K38*0.25%)))) -> 0 | L57: =IF($C$56="Inactif",0,IF(L13="Rocta",L56*0.08%+L56*0.08%*$M$4,IF(L13="Humains",L56*0.08%+L56*0.08%*$M$2+L56*0.08%*L35*0.5%,IF(L13="Méca",L56*0.08%+L56*0.08%*$M$3+L56*0.08%*L36*0.3%+L56*0.08%*L37*0.4%,L56*0.08%+L56*0.08%*$M$5+L56*0.08%*L38*0.25%)))) -> 0 | ... X57: =IF($C$56="Inactif",0,IF(X13="Rocta",X56*0.08%+X56*0.08%*$M$4,IF(X13="Humains",X56*0.08%+X56*0.08%*$M$2+X56*0.08%*X35*0.5%,IF(X13="Méca",X56*0.08%+X56*0.08%*$M$3+X56*0.08%*X36*0.3%+X56*0.08%*X37*0.4%,X56*0.08%+X56*0.08%*$M$5+X56*0.08%*X38*0.25%)))) -> 0 | Y57: =SUM(E57:X57) -> 0.01408
B58: ● | C58: Actif | D58: 2-4 Rocta (Mét) (0,08%) | E58: 15 | Y58: =SUM(E58:X58) -> 15
B59: ● | D59: Bonus Mét | E59: =IF($C$58="Inactif",0,IF(E13="Rocta",E58*0.08%+E58*0.08%*$M$4,IF(E13="Humains",E58*0.08%+E58*0.08%*$M$2+E58*0.08%*E35*0.5%,IF(E13="Méca",E58*0.08%+E58*0.08%*$M$3+E58*0.08%*E36*0.3%+E58*0.08%*E37*0.4%,E58*0.08%+E58*0.08%*$M$5+E58*0.08%*E38*0.25%)))) -> 0.0132 | F59: =IF($C$58="Inactif",0,IF(F13="Rocta",F58*0.08%+F58*0.08%*$M$4,IF(F13="Humains",F58*0.08%+F58*0.08%*$M$2+F58*0.08%*F35*0.5%,IF(F13="Méca",F58*0.08%+F58*0.08%*$M$3+F58*0.08%*F36*0.3%+F58*0.08%*F37*0.4%,F58*0.08%+F58*0.08%*$M$5+F58*0.08%*F38*0.25%)))) -> 0 | G59: =IF($C$58="Inactif",0,IF(G13="Rocta",G58*0.08%+G58*0.08%*$M$4,IF(G13="Humains",G58*0.08%+G58*0.08%*$M$2+G58*0.08%*G35*0.5%,IF(G13="Méca",G58*0.08%+G58*0.08%*$M$3+G58*0.08%*G36*0.3%+G58*0.08%*G37*0.4%,G58*0.08%+G58*0.08%*$M$5+G58*0.08%*G38*0.25%)))) -> 0 | H59: =IF($C$58="Inactif",0,IF(H13="Rocta",H58*0.08%+H58*0.08%*$M$4,IF(H13="Humains",H58*0.08%+H58*0.08%*$M$2+H58*0.08%*H35*0.5%,IF(H13="Méca",H58*0.08%+H58*0.08%*$M$3+H58*0.08%*H36*0.3%+H58*0.08%*H37*0.4%,H58*0.08%+H58*0.08%*$M$5+H58*0.08%*H38*0.25%)))) -> 0 | I59: =IF($C$58="Inactif",0,IF(I13="Rocta",I58*0.08%+I58*0.08%*$M$4,IF(I13="Humains",I58*0.08%+I58*0.08%*$M$2+I58*0.08%*I35*0.5%,IF(I13="Méca",I58*0.08%+I58*0.08%*$M$3+I58*0.08%*I36*0.3%+I58*0.08%*I37*0.4%,I58*0.08%+I58*0.08%*$M$5+I58*0.08%*I38*0.25%)))) -> 0 | J59: =IF($C$58="Inactif",0,IF(J13="Rocta",J58*0.08%+J58*0.08%*$M$4,IF(J13="Humains",J58*0.08%+J58*0.08%*$M$2+J58*0.08%*J35*0.5%,IF(J13="Méca",J58*0.08%+J58*0.08%*$M$3+J58*0.08%*J36*0.3%+J58*0.08%*J37*0.4%,J58*0.08%+J58*0.08%*$M$5+J58*0.08%*J38*0.25%)))) -> 0 | K59: =IF($C$58="Inactif",0,IF(K13="Rocta",K58*0.08%+K58*0.08%*$M$4,IF(K13="Humains",K58*0.08%+K58*0.08%*$M$2+K58*0.08%*K35*0.5%,IF(K13="Méca",K58*0.08%+K58*0.08%*$M$3+K58*0.08%*K36*0.3%+K58*0.08%*K37*0.4%,K58*0.08%+K58*0.08%*$M$5+K58*0.08%*K38*0.25%)))) -> 0 | L59: =IF($C$58="Inactif",0,IF(L13="Rocta",L58*0.08%+L58*0.08%*$M$4,IF(L13="Humains",L58*0.08%+L58*0.08%*$M$2+L58*0.08%*L35*0.5%,IF(L13="Méca",L58*0.08%+L58*0.08%*$M$3+L58*0.08%*L36*0.3%+L58*0.08%*L37*0.4%,L58*0.08%+L58*0.08%*$M$5+L58*0.08%*L38*0.25%)))) -> 0 | ... X59: =IF($C$58="Inactif",0,IF(X13="Rocta",X58*0.08%+X58*0.08%*$M$4,IF(X13="Humains",X58*0.08%+X58*0.08%*$M$2+X58*0.08%*X35*0.5%,IF(X13="Méca",X58*0.08%+X58*0.08%*$M$3+X58*0.08%*X36*0.3%+X58*0.08%*X37*0.4%,X58*0.08%+X58*0.08%*$M$5+X58*0.08%*X38*0.25%)))) -> 0 | Y59: =SUM(E59:X59) -> 0.0132
B60: ● | C60: Inactif | D60: 2-5 Rocta (Cri) (0,08%) | E60: 11 | Y60: =SUM(E60:X60) -> 11
B61: ● | D61: Bonus Cri | E61: =IF($C$60="Inactif",0,IF(E13="Rocta",E60*0.08%+E60*0.08%*$M$4,IF(E13="Humains",E60*0.08%+E60*0.08%*$M$2+E60*0.08%*E35*0.5%,IF(E13="Méca",E60*0.08%+E60*0.08%*$M$3+E60*0.08%*E36*0.3%+E60*0.08%*E37*0.4%,E60*0.08%+E60*0.08%*$M$5+E60*0.08%*E38*0.25%)))) -> 0 | F61: =IF($C$60="Inactif",0,IF(F13="Rocta",F60*0.08%+F60*0.08%*$M$4,IF(F13="Humains",F60*0.08%+F60*0.08%*$M$2+F60*0.08%*F35*0.5%,IF(F13="Méca",F60*0.08%+F60*0.08%*$M$3+F60*0.08%*F36*0.3%+F60*0.08%*F37*0.4%,F60*0.08%+F60*0.08%*$M$5+F60*0.08%*F38*0.25%)))) -> 0 | G61: =IF($C$60="Inactif",0,IF(G13="Rocta",G60*0.08%+G60*0.08%*$M$4,IF(G13="Humains",G60*0.08%+G60*0.08%*$M$2+G60*0.08%*G35*0.5%,IF(G13="Méca",G60*0.08%+G60*0.08%*$M$3+G60*0.08%*G36*0.3%+G60*0.08%*G37*0.4%,G60*0.08%+G60*0.08%*$M$5+G60*0.08%*G38*0.25%)))) -> 0 | H61: =IF($C$60="Inactif",0,IF(H13="Rocta",H60*0.08%+H60*0.08%*$M$4,IF(H13="Humains",H60*0.08%+H60*0.08%*$M$2+H60*0.08%*H35*0.5%,IF(H13="Méca",H60*0.08%+H60*0.08%*$M$3+H60*0.08%*H36*0.3%+H60*0.08%*H37*0.4%,H60*0.08%+H60*0.08%*$M$5+H60*0.08%*H38*0.25%)))) -> 0 | I61: =IF($C$60="Inactif",0,IF(I13="Rocta",I60*0.08%+I60*0.08%*$M$4,IF(I13="Humains",I60*0.08%+I60*0.08%*$M$2+I60*0.08%*I35*0.5%,IF(I13="Méca",I60*0.08%+I60*0.08%*$M$3+I60*0.08%*I36*0.3%+I60*0.08%*I37*0.4%,I60*0.08%+I60*0.08%*$M$5+I60*0.08%*I38*0.25%)))) -> 0 | J61: =IF($C$60="Inactif",0,IF(J13="Rocta",J60*0.08%+J60*0.08%*$M$4,IF(J13="Humains",J60*0.08%+J60*0.08%*$M$2+J60*0.08%*J35*0.5%,IF(J13="Méca",J60*0.08%+J60*0.08%*$M$3+J60*0.08%*J36*0.3%+J60*0.08%*J37*0.4%,J60*0.08%+J60*0.08%*$M$5+J60*0.08%*J38*0.25%)))) -> 0 | K61: =IF($C$60="Inactif",0,IF(K13="Rocta",K60*0.08%+K60*0.08%*$M$4,IF(K13="Humains",K60*0.08%+K60*0.08%*$M$2+K60*0.08%*K35*0.5%,IF(K13="Méca",K60*0.08%+K60*0.08%*$M$3+K60*0.08%*K36*0.3%+K60*0.08%*K37*0.4%,K60*0.08%+K60*0.08%*$M$5+K60*0.08%*K38*0.25%)))) -> 0 | L61: =IF($C$60="Inactif",0,IF(L13="Rocta",L60*0.08%+L60*0.08%*$M$4,IF(L13="Humains",L60*0.08%+L60*0.08%*$M$2+L60*0.08%*L35*0.5%,IF(L13="Méca",L60*0.08%+L60*0.08%*$M$3+L60*0.08%*L36*0.3%+L60*0.08%*L37*0.4%,L60*0.08%+L60*0.08%*$M$5+L60*0.08%*L38*0.25%)))) -> 0 | ... X61: =IF($C$60="Inactif",0,IF(X13="Rocta",X60*0.08%+X60*0.08%*$M$4,IF(X13="Humains",X60*0.08%+X60*0.08%*$M$2+X60*0.08%*X35*0.5%,IF(X13="Méca",X60*0.08%+X60*0.08%*$M$3+X60*0.08%*X36*0.3%+X60*0.08%*X37*0.4%,X60*0.08%+X60*0.08%*$M$5+X60*0.08%*X38*0.25%)))) -> 0 | Y61: =SUM(E61:X61) -> 0
B62: ● | C62: Inactif | D62: 2-6 Rocta (Deut) (0,08%) | E62: 0 | Y62: =SUM(E62:X62) -> 0
B63: ● | D63: Bonus Deut | E63: =IF($C$62="Inactif",0,IF(E13="Rocta",E62*0.08%+E62*0.08%*$M$4,IF(E13="Humains",E62*0.08%+E62*0.08%*$M$2+E62*0.08%*E35*0.5%,IF(E13="Méca",E62*0.08%+E62*0.08%*$M$3+E62*0.08%*E36*0.3%+E62*0.08%*E37*0.4%,E62*0.08%+E62*0.08%*$M$5+E62*0.08%*E38*0.25%)))) -> 0 | F63: =IF($C$62="Inactif",0,IF(F13="Rocta",F62*0.08%+F62*0.08%*$M$4,IF(F13="Humains",F62*0.08%+F62*0.08%*$M$2+F62*0.08%*F35*0.5%,IF(F13="Méca",F62*0.08%+F62*0.08%*$M$3+F62*0.08%*F36*0.3%+F62*0.08%*F37*0.4%,F62*0.08%+F62*0.08%*$M$5+F62*0.08%*F38*0.25%)))) -> 0 | G63: =IF($C$62="Inactif",0,IF(G13="Rocta",G62*0.08%+G62*0.08%*$M$4,IF(G13="Humains",G62*0.08%+G62*0.08%*$M$2+G62*0.08%*G35*0.5%,IF(G13="Méca",G62*0.08%+G62*0.08%*$M$3+G62*0.08%*G36*0.3%+G62*0.08%*G37*0.4%,G62*0.08%+G62*0.08%*$M$5+G62*0.08%*G38*0.25%)))) -> 0 | H63: =IF($C$62="Inactif",0,IF(H13="Rocta",H62*0.08%+H62*0.08%*$M$4,IF(H13="Humains",H62*0.08%+H62*0.08%*$M$2+H62*0.08%*H35*0.5%,IF(H13="Méca",H62*0.08%+H62*0.08%*$M$3+H62*0.08%*H36*0.3%+H62*0.08%*H37*0.4%,H62*0.08%+H62*0.08%*$M$5+H62*0.08%*H38*0.25%)))) -> 0 | I63: =IF($C$62="Inactif",0,IF(I13="Rocta",I62*0.08%+I62*0.08%*$M$4,IF(I13="Humains",I62*0.08%+I62*0.08%*$M$2+I62*0.08%*I35*0.5%,IF(I13="Méca",I62*0.08%+I62*0.08%*$M$3+I62*0.08%*I36*0.3%+I62*0.08%*I37*0.4%,I62*0.08%+I62*0.08%*$M$5+I62*0.08%*I38*0.25%)))) -> 0 | J63: =IF($C$62="Inactif",0,IF(J13="Rocta",J62*0.08%+J62*0.08%*$M$4,IF(J13="Humains",J62*0.08%+J62*0.08%*$M$2+J62*0.08%*J35*0.5%,IF(J13="Méca",J62*0.08%+J62*0.08%*$M$3+J62*0.08%*J36*0.3%+J62*0.08%*J37*0.4%,J62*0.08%+J62*0.08%*$M$5+J62*0.08%*J38*0.25%)))) -> 0 | K63: =IF($C$62="Inactif",0,IF(K13="Rocta",K62*0.08%+K62*0.08%*$M$4,IF(K13="Humains",K62*0.08%+K62*0.08%*$M$2+K62*0.08%*K35*0.5%,IF(K13="Méca",K62*0.08%+K62*0.08%*$M$3+K62*0.08%*K36*0.3%+K62*0.08%*K37*0.4%,K62*0.08%+K62*0.08%*$M$5+K62*0.08%*K38*0.25%)))) -> 0 | L63: =IF($C$62="Inactif",0,IF(L13="Rocta",L62*0.08%+L62*0.08%*$M$4,IF(L13="Humains",L62*0.08%+L62*0.08%*$M$2+L62*0.08%*L35*0.5%,IF(L13="Méca",L62*0.08%+L62*0.08%*$M$3+L62*0.08%*L36*0.3%+L62*0.08%*L37*0.4%,L62*0.08%+L62*0.08%*$M$5+L62*0.08%*L38*0.25%)))) -> 0 | ... X63: =IF($C$62="Inactif",0,IF(X13="Rocta",X62*0.08%+X62*0.08%*$M$4,IF(X13="Humains",X62*0.08%+X62*0.08%*$M$2+X62*0.08%*X35*0.5%,IF(X13="Méca",X62*0.08%+X62*0.08%*$M$3+X62*0.08%*X36*0.3%+X62*0.08%*X37*0.4%,X62*0.08%+X62*0.08%*$M$5+X62*0.08%*X38*0.25%)))) -> 0 | Y63: =SUM(E63:X63) -> 0
B64: ● | C64: Actif | D64: 3-6 Rocta (Collec) (0,02%) | E64: 0 | Y64: =SUM(E64:X64) -> 0
B65: ● | D65: Bonus Collecteur | E65: =IF($C$64="Inactif",0,IF(E15="Rocta",E64*0.2%+E64*0.2%*$M$4,IF(E15="Humains",E64*0.2%+E64*0.2%*$M$2+E64*0.2%*E35*0.5%,IF(E15="Méca",E64*0.2%+E64*0.2%*$M$3+E64*0.2%*E36*0.3%+E64*0.2%*E37*0.4%,E64*0.2%+E64*0.2%*$M$5+E64*0.2%*E38*0.25%)))) -> 0 | F65: =IF($C$64="Inactif",0,IF(F15="Rocta",F64*0.2%+F64*0.2%*$M$4,IF(F15="Humains",F64*0.2%+F64*0.2%*$M$2+F64*0.2%*F35*0.5%,IF(F15="Méca",F64*0.2%+F64*0.2%*$M$3+F64*0.2%*F36*0.3%+F64*0.2%*F37*0.4%,F64*0.2%+F64*0.2%*$M$5+F64*0.2%*F38*0.25%)))) -> 0 | G65: =IF($C$64="Inactif",0,IF(G15="Rocta",G64*0.2%+G64*0.2%*$M$4,IF(G15="Humains",G64*0.2%+G64*0.2%*$M$2+G64*0.2%*G35*0.5%,IF(G15="Méca",G64*0.2%+G64*0.2%*$M$3+G64*0.2%*G36*0.3%+G64*0.2%*G37*0.4%,G64*0.2%+G64*0.2%*$M$5+G64*0.2%*G38*0.25%)))) -> 0 | H65: =IF($C$64="Inactif",0,IF(H15="Rocta",H64*0.2%+H64*0.2%*$M$4,IF(H15="Humains",H64*0.2%+H64*0.2%*$M$2+H64*0.2%*H35*0.5%,IF(H15="Méca",H64*0.2%+H64*0.2%*$M$3+H64*0.2%*H36*0.3%+H64*0.2%*H37*0.4%,H64*0.2%+H64*0.2%*$M$5+H64*0.2%*H38*0.25%)))) -> 0 | I65: =IF($C$64="Inactif",0,IF(I15="Rocta",I64*0.2%+I64*0.2%*$M$4,IF(I15="Humains",I64*0.2%+I64*0.2%*$M$2+I64*0.2%*I35*0.5%,IF(I15="Méca",I64*0.2%+I64*0.2%*$M$3+I64*0.2%*I36*0.3%+I64*0.2%*I37*0.4%,I64*0.2%+I64*0.2%*$M$5+I64*0.2%*I38*0.25%)))) -> 0 | J65: =IF($C$64="Inactif",0,IF(J15="Rocta",J64*0.2%+J64*0.2%*$M$4,IF(J15="Humains",J64*0.2%+J64*0.2%*$M$2+J64*0.2%*J35*0.5%,IF(J15="Méca",J64*0.2%+J64*0.2%*$M$3+J64*0.2%*J36*0.3%+J64*0.2%*J37*0.4%,J64*0.2%+J64*0.2%*$M$5+J64*0.2%*J38*0.25%)))) -> 0 | K65: =IF($C$64="Inactif",0,IF(K15="Rocta",K64*0.2%+K64*0.2%*$M$4,IF(K15="Humains",K64*0.2%+K64*0.2%*$M$2+K64*0.2%*K35*0.5%,IF(K15="Méca",K64*0.2%+K64*0.2%*$M$3+K64*0.2%*K36*0.3%+K64*0.2%*K37*0.4%,K64*0.2%+K64*0.2%*$M$5+K64*0.2%*K38*0.25%)))) -> 0 | L65: =IF($C$64="Inactif",0,IF(L15="Rocta",L64*0.2%+L64*0.2%*$M$4,IF(L15="Humains",L64*0.2%+L64*0.2%*$M$2+L64*0.2%*L35*0.5%,IF(L15="Méca",L64*0.2%+L64*0.2%*$M$3+L64*0.2%*L36*0.3%+L64*0.2%*L37*0.4%,L64*0.2%+L64*0.2%*$M$5+L64*0.2%*L38*0.25%)))) -> 0 | ... X65: =IF($C$64="Inactif",0,IF(X15="Rocta",X64*0.2%+X64*0.2%*$M$4,IF(X15="Humains",X64*0.2%+X64*0.2%*$M$2+X64*0.2%*X35*0.5%,IF(X15="Méca",X64*0.2%+X64*0.2%*$M$3+X64*0.2%*X36*0.3%+X64*0.2%*X37*0.4%,X64*0.2%+X64*0.2%*$M$5+X64*0.2%*X38*0.25%)))) -> 0 | Y65: =SUM(E65:X65) -> 0
B66: ● | C66: Inactif | D66: 1-2 Kaelesh (Deut) (0,08%) | E66: 0 | Y66: =SUM(E66:X66) -> 0
B67: ● | D67: Bonus Deut | E67: =IF($C$66="Inactif",0,IF(E13="Rocta",E66*0.08%+E66*0.08%*$M$4,IF(E13="Humains",E66*0.08%+E66*0.08%*$M$2+E66*0.08%*E35*0.5%,IF(E13="Méca",E66*0.08%+E66*0.08%*$M$3+E66*0.08%*E36*0.3%+E66*0.08%*E37*0.4%,E66*0.08%+E66*0.08%*$M$5+E66*0.08%*E38*0.25%)))) -> 0 | F67: =IF($C$66="Inactif",0,IF(F13="Rocta",F66*0.08%+F66*0.08%*$M$4,IF(F13="Humains",F66*0.08%+F66*0.08%*$M$2+F66*0.08%*F35*0.5%,IF(F13="Méca",F66*0.08%+F66*0.08%*$M$3+F66*0.08%*F36*0.3%+F66*0.08%*F37*0.4%,F66*0.08%+F66*0.08%*$M$5+F66*0.08%*F38*0.25%)))) -> 0 | G67: =IF($C$66="Inactif",0,IF(G13="Rocta",G66*0.08%+G66*0.08%*$M$4,IF(G13="Humains",G66*0.08%+G66*0.08%*$M$2+G66*0.08%*G35*0.5%,IF(G13="Méca",G66*0.08%+G66*0.08%*$M$3+G66*0.08%*G36*0.3%+G66*0.08%*G37*0.4%,G66*0.08%+G66*0.08%*$M$5+G66*0.08%*G38*0.25%)))) -> 0 | H67: =IF($C$66="Inactif",0,IF(H13="Rocta",H66*0.08%+H66*0.08%*$M$4,IF(H13="Humains",H66*0.08%+H66*0.08%*$M$2+H66*0.08%*H35*0.5%,IF(H13="Méca",H66*0.08%+H66*0.08%*$M$3+H66*0.08%*H36*0.3%+H66*0.08%*H37*0.4%,H66*0.08%+H66*0.08%*$M$5+H66*0.08%*H38*0.25%)))) -> 0 | I67: =IF($C$66="Inactif",0,IF(I13="Rocta",I66*0.08%+I66*0.08%*$M$4,IF(I13="Humains",I66*0.08%+I66*0.08%*$M$2+I66*0.08%*I35*0.5%,IF(I13="Méca",I66*0.08%+I66*0.08%*$M$3+I66*0.08%*I36*0.3%+I66*0.08%*I37*0.4%,I66*0.08%+I66*0.08%*$M$5+I66*0.08%*I38*0.25%)))) -> 0 | J67: =IF($C$66="Inactif",0,IF(J13="Rocta",J66*0.08%+J66*0.08%*$M$4,IF(J13="Humains",J66*0.08%+J66*0.08%*$M$2+J66*0.08%*J35*0.5%,IF(J13="Méca",J66*0.08%+J66*0.08%*$M$3+J66*0.08%*J36*0.3%+J66*0.08%*J37*0.4%,J66*0.08%+J66*0.08%*$M$5+J66*0.08%*J38*0.25%)))) -> 0 | K67: =IF($C$66="Inactif",0,IF(K13="Rocta",K66*0.08%+K66*0.08%*$M$4,IF(K13="Humains",K66*0.08%+K66*0.08%*$M$2+K66*0.08%*K35*0.5%,IF(K13="Méca",K66*0.08%+K66*0.08%*$M$3+K66*0.08%*K36*0.3%+K66*0.08%*K37*0.4%,K66*0.08%+K66*0.08%*$M$5+K66*0.08%*K38*0.25%)))) -> 0 | L67: =IF($C$66="Inactif",0,IF(L13="Rocta",L66*0.08%+L66*0.08%*$M$4,IF(L13="Humains",L66*0.08%+L66*0.08%*$M$2+L66*0.08%*L35*0.5%,IF(L13="Méca",L66*0.08%+L66*0.08%*$M$3+L66*0.08%*L36*0.3%+L66*0.08%*L37*0.4%,L66*0.08%+L66*0.08%*$M$5+L66*0.08%*L38*0.25%)))) -> 0 | ... X67: =IF($C$66="Inactif",0,IF(X13="Rocta",X66*0.08%+X66*0.08%*$M$4,IF(X13="Humains",X66*0.08%+X66*0.08%*$M$2+X66*0.08%*X35*0.5%,IF(X13="Méca",X66*0.08%+X66*0.08%*$M$3+X66*0.08%*X36*0.3%+X66*0.08%*X37*0.4%,X66*0.08%+X66*0.08%*$M$5+X66*0.08%*X38*0.25%)))) -> 0 | Y67: =SUM(E67:X67) -> 0
B68: ● | C68: Actif | D68: 2-6 Kaelesh (Trio) (0,06%) | E68: 15 | Y68: =SUM(E68:X68) -> 15
B69: ● | D69: Bonus Mét + Cri + Deut | E69: =IF($C$68="Inactif",0,IF(E13="Rocta",E68*0.06%+E68*0.06%*$M$4,IF(E13="Humains",E68*0.06%+E68*0.06%*$M$2+E68*0.06%*E35*0.5%,IF(E13="Méca",E68*0.06%+E68*0.06%*$M$3+E68*0.06%*E36*0.3%+E68*0.06%*E37*0.4%,E68*0.06%+E68*0.06%*$M$5+E68*0.06%*E38*0.25%)))) -> 0.0099 | F69: =IF($C$68="Inactif",0,IF(F13="Rocta",F68*0.06%+F68*0.06%*$M$4,IF(F13="Humains",F68*0.06%+F68*0.06%*$M$2+F68*0.06%*F35*0.5%,IF(F13="Méca",F68*0.06%+F68*0.06%*$M$3+F68*0.06%*F36*0.3%+F68*0.06%*F37*0.4%,F68*0.06%+F68*0.06%*$M$5+F68*0.06%*F38*0.25%)))) -> 0 | G69: =IF($C$68="Inactif",0,IF(G13="Rocta",G68*0.06%+G68*0.06%*$M$4,IF(G13="Humains",G68*0.06%+G68*0.06%*$M$2+G68*0.06%*G35*0.5%,IF(G13="Méca",G68*0.06%+G68*0.06%*$M$3+G68*0.06%*G36*0.3%+G68*0.06%*G37*0.4%,G68*0.06%+G68*0.06%*$M$5+G68*0.06%*G38*0.25%)))) -> 0 | H69: =IF($C$68="Inactif",0,IF(H13="Rocta",H68*0.06%+H68*0.06%*$M$4,IF(H13="Humains",H68*0.06%+H68*0.06%*$M$2+H68*0.06%*H35*0.5%,IF(H13="Méca",H68*0.06%+H68*0.06%*$M$3+H68*0.06%*H36*0.3%+H68*0.06%*H37*0.4%,H68*0.06%+H68*0.06%*$M$5+H68*0.06%*H38*0.25%)))) -> 0 | I69: =IF($C$68="Inactif",0,IF(I13="Rocta",I68*0.06%+I68*0.06%*$M$4,IF(I13="Humains",I68*0.06%+I68*0.06%*$M$2+I68*0.06%*I35*0.5%,IF(I13="Méca",I68*0.06%+I68*0.06%*$M$3+I68*0.06%*I36*0.3%+I68*0.06%*I37*0.4%,I68*0.06%+I68*0.06%*$M$5+I68*0.06%*I38*0.25%)))) -> 0 | J69: =IF($C$68="Inactif",0,IF(J13="Rocta",J68*0.06%+J68*0.06%*$M$4,IF(J13="Humains",J68*0.06%+J68*0.06%*$M$2+J68*0.06%*J35*0.5%,IF(J13="Méca",J68*0.06%+J68*0.06%*$M$3+J68*0.06%*J36*0.3%+J68*0.06%*J37*0.4%,J68*0.06%+J68*0.06%*$M$5+J68*0.06%*J38*0.25%)))) -> 0 | K69: =IF($C$68="Inactif",0,IF(K13="Rocta",K68*0.06%+K68*0.06%*$M$4,IF(K13="Humains",K68*0.06%+K68*0.06%*$M$2+K68*0.06%*K35*0.5%,IF(K13="Méca",K68*0.06%+K68*0.06%*$M$3+K68*0.06%*K36*0.3%+K68*0.06%*K37*0.4%,K68*0.06%+K68*0.06%*$M$5+K68*0.06%*K38*0.25%)))) -> 0 | L69: =IF($C$68="Inactif",0,IF(L13="Rocta",L68*0.06%+L68*0.06%*$M$4,IF(L13="Humains",L68*0.06%+L68*0.06%*$M$2+L68*0.06%*L35*0.5%,IF(L13="Méca",L68*0.06%+L68*0.06%*$M$3+L68*0.06%*L36*0.3%+L68*0.06%*L37*0.4%,L68*0.06%+L68*0.06%*$M$5+L68*0.06%*L38*0.25%)))) -> 0 | ... X69: =IF($C$68="Inactif",0,IF(X13="Rocta",X68*0.06%+X68*0.06%*$M$4,IF(X13="Humains",X68*0.06%+X68*0.06%*$M$2+X68*0.06%*X35*0.5%,IF(X13="Méca",X68*0.06%+X68*0.06%*$M$3+X68*0.06%*X36*0.3%+X68*0.06%*X37*0.4%,X68*0.06%+X68*0.06%*$M$5+X68*0.06%*X38*0.25%)))) -> 0 | Y69: =SUM(E69:X69) -> 0.0099
B71: ● | D71: Bonus Métal Par Planète | E71: =E41+E43+E47+E49+E55+E57+E59+E69 -> 0.07942 | F71: =F41+F43+F47+F49+F55+F57+F59+F69 -> 0 | G71: =G41+G43+G47+G49+G55+G57+G59+G69 -> 0 | H71: =H41+H43+H47+H49+H55+H57+H59+H69 -> 0 | I71: =I41+I43+I47+I49+I55+I57+I59+I69 -> 0 | J71: =J41+J43+J47+J49+J55+J57+J59+J69 -> 0 | K71: =K41+K43+K47+K49+K55+K57+K59+K69 -> 0 | L71: =L41+L43+L47+L49+L55+L57+L59+L69 -> 0 | ... X71: =X41+X43+X47+X49+X55+X57+X59+X69 -> 0 | Y71: =SUM(E71:X71) -> 0.07942 | Z71: M
B72: ● | D72: Bonus Cristal Par Planète | E72: =E41+E43+E47+E49+E51+E55+E61+E69 -> 0.05214 | F72: =F41+F43+F47+F49+F51+F55+F61+F69 -> 0 | G72: =G41+G43+G47+G49+G51+G55+G61+G69 -> 0 | H72: =H41+H43+H47+H49+H51+H55+H61+H69 -> 0 | I72: =I41+I43+I47+I49+I51+I55+I61+I69 -> 0 | J72: =J41+J43+J47+J49+J51+J55+J61+J69 -> 0 | K72: =K41+K43+K47+K49+K51+K55+K61+K69 -> 0 | L72: =L41+L43+L47+L49+L51+L55+L61+L69 -> 0 | ... X72: =X41+X43+X47+X49+X51+X55+X61+X69 -> 0 | Y72: =SUM(E72:X72) -> 0.05214 | Z72: C
B73: ● | D73: Bonus Deut Par Planète | E73: =E41+E43+E45+E47+E49+E53+E55+E63+E67+E69 -> 0.08646 | F73: =F41+F43+F45+F47+F49+F53+F55+F63+F67+F69 -> 0 | G73: =G41+G43+G45+G47+G49+G53+G55+G63+G67+G69 -> 0 | H73: =H41+H43+H45+H47+H49+H53+H55+H63+H67+H69 -> 0 | I73: =I41+I43+I45+I47+I49+I53+I55+I63+I67+I69 -> 0 | J73: =J41+J43+J45+J47+J49+J53+J55+J63+J67+J69 -> 0 | K73: =K41+K43+K45+K47+K49+K53+K55+K63+K67+K69 -> 0 | L73: =L41+L43+L45+L47+L49+L53+L55+L63+L67+L69 -> 0 | ... X73: =X41+X43+X45+X47+X49+X53+X55+X63+X67+X69 -> 0 | Y73: =SUM(E73:X73) -> 0.08646 | Z73: D
B75: Détail Prod
B76: ● | C76: Base | D76: Revenu de départ Métal (/h) | E76: =30*(1+IF(OR(E11=6,E11=10),17%,IF(OR(E11=7,E11=9),23%,IF(E11=8,35%,0))))*$E$2 -> 300 | F76: =30*(1+IF(OR(F11=6,F11=10),17%,IF(OR(F11=7,F11=9),23%,IF(F11=8,35%,0))))*$E$2 -> 300 | G76: =30*(1+IF(OR(G11=6,G11=10),17%,IF(OR(G11=7,G11=9),23%,IF(G11=8,35%,0))))*$E$2 -> 300 | H76: =30*(1+IF(OR(H11=6,H11=10),17%,IF(OR(H11=7,H11=9),23%,IF(H11=8,35%,0))))*$E$2 -> 300 | I76: =30*(1+IF(OR(I11=6,I11=10),17%,IF(OR(I11=7,I11=9),23%,IF(I11=8,35%,0))))*$E$2 -> 300 | J76: =30*(1+IF(OR(J11=6,J11=10),17%,IF(OR(J11=7,J11=9),23%,IF(J11=8,35%,0))))*$E$2 -> 300 | K76: =30*(1+IF(OR(K11=6,K11=10),17%,IF(OR(K11=7,K11=9),23%,IF(K11=8,35%,0))))*$E$2 -> 300 | L76: =30*(1+IF(OR(L11=6,L11=10),17%,IF(OR(L11=7,L11=9),23%,IF(L11=8,35%,0))))*$E$2 -> 300 | ... X76: =30*(1+IF(OR(X11=6,X11=10),17%,IF(OR(X11=7,X11=9),23%,IF(X11=8,35%,0))))*$E$2 -> 300 | Y76: =SUM(E76:X76) -> 6000 | Z76: M
B77: ● | C77: Base | D77: Revenu de départ Cristal (/h) | E77: =15*(1+IF(E11=1,40%,IF(E11=2,30%,IF(E11=3,20%,0))))*$E$2 -> 150 | F77: =15*(1+IF(F11=1,40%,IF(F11=2,30%,IF(F11=3,20%,0))))*$E$2 -> 150 | G77: =15*(1+IF(G11=1,40%,IF(G11=2,30%,IF(G11=3,20%,0))))*$E$2 -> 150 | H77: =15*(1+IF(H11=1,40%,IF(H11=2,30%,IF(H11=3,20%,0))))*$E$2 -> 150 | I77: =15*(1+IF(I11=1,40%,IF(I11=2,30%,IF(I11=3,20%,0))))*$E$2 -> 150 | J77: =15*(1+IF(J11=1,40%,IF(J11=2,30%,IF(J11=3,20%,0))))*$E$2 -> 150 | K77: =15*(1+IF(K11=1,40%,IF(K11=2,30%,IF(K11=3,20%,0))))*$E$2 -> 150 | L77: =15*(1+IF(L11=1,40%,IF(L11=2,30%,IF(L11=3,20%,0))))*$E$2 -> 150 | ... X77: =15*(1+IF(X11=1,40%,IF(X11=2,30%,IF(X11=3,20%,0))))*$E$2 -> 150 | Y77: =SUM(E77:X77) -> 3000 | Z77: C
B78: ● | C78: Base | D78: Prod. Métal (/h) | E78: =E76*E17*1.1^E17 -> 1397048.2 | F78: =F76*F17*1.1^F17 -> 0 | G78: =G76*G17*1.1^G17 -> 0 | H78: =H76*H17*1.1^H17 -> 0 | I78: =I76*I17*1.1^I17 -> 0 | J78: =J76*J17*1.1^J17 -> 0 | K78: =K76*K17*1.1^K17 -> 0 | L78: =L76*L17*1.1^L17 -> 0 | ... X78: =X76*X17*1.1^X17 -> 0 | Y78: =SUM(E78:X78) -> 1397048.2 | Z78: M
B79: ● | C79: Base | D79: Prod. Cristal (/h) | E79: =(20*(1+IF(E11=1,40%,IF(E11=2,30%,IF(E11=3,20%,0))))*$E$2)*E18*1.1^E18 -> 320929.27 | F79: =(20*(1+IF(F11=1,40%,IF(F11=2,30%,IF(F11=3,20%,0))))*$E$2)*F18*1.1^F18 -> 0 | G79: =(20*(1+IF(G11=1,40%,IF(G11=2,30%,IF(G11=3,20%,0))))*$E$2)*G18*1.1^G18 -> 0 | H79: =(20*(1+IF(H11=1,40%,IF(H11=2,30%,IF(H11=3,20%,0))))*$E$2)*H18*1.1^H18 -> 0 | I79: =(20*(1+IF(I11=1,40%,IF(I11=2,30%,IF(I11=3,20%,0))))*$E$2)*I18*1.1^I18 -> 0 | J79: =(20*(1+IF(J11=1,40%,IF(J11=2,30%,IF(J11=3,20%,0))))*$E$2)*J18*1.1^J18 -> 0 | K79: =(20*(1+IF(K11=1,40%,IF(K11=2,30%,IF(K11=3,20%,0))))*$E$2)*K18*1.1^K18 -> 0 | L79: =(20*(1+IF(L11=1,40%,IF(L11=2,30%,IF(L11=3,20%,0))))*$E$2)*L18*1.1^L18 -> 0 | ... X79: =(20*(1+IF(X11=1,40%,IF(X11=2,30%,IF(X11=3,20%,0))))*$E$2)*X18*1.1^X18 -> 0 | Y79: =SUM(E79:X79) -> 320929.27 | Z79: C
B80: ● | C80: Base | D80: Prod. Deut (/h) | E80: =10*E19*1.1^E19*(1.44-0.004*E12)*$E$2 -> 507703.3 | F80: =10*F19*1.1^F19*(1.44-0.004*F12)*$E$2 -> 0 | G80: =10*G19*1.1^G19*(1.44-0.004*G12)*$E$2 -> 0 | H80: =10*H19*1.1^H19*(1.44-0.004*H12)*$E$2 -> 0 | I80: =10*I19*1.1^I19*(1.44-0.004*I12)*$E$2 -> 0 | J80: =10*J19*1.1^J19*(1.44-0.004*J12)*$E$2 -> 0 | K80: =10*K19*1.1^K19*(1.44-0.004*K12)*$E$2 -> 0 | L80: =10*L19*1.1^L19*(1.44-0.004*L12)*$E$2 -> 0 | ... X80: =10*X19*1.1^X19*(1.44-0.004*X12)*$E$2 -> 0 | Y80: =SUM(E80:X80) -> 507703.3 | Z80: D
B81: ● | C81: Base | D81: Conso. Deut (/h) | E81: =ROUNDUP((10 * E20 * 1.1^E20)*$E$2,0) -> 23640 | F81: =ROUNDUP((10 * F20 * 1.1^F20)*$E$2,0) -> 0 | G81: =ROUNDUP((10 * G20 * 1.1^G20)*$E$2,0) -> 0 | H81: =ROUNDUP((10 * H20 * 1.1^H20)*$E$2,0) -> 0 | I81: =ROUNDUP((10 * I20 * 1.1^I20)*$E$2,0) -> 0 | J81: =ROUNDUP((10 * J20 * 1.1^J20)*$E$2,0) -> 0 | K81: =ROUNDUP((10 * K20 * 1.1^K20)*$E$2,0) -> 0 | L81: =ROUNDUP((10 * L20 * 1.1^L20)*$E$2,0) -> 0 | ... X81: =ROUNDUP((10 * X20 * 1.1^X20)*$E$2,0) -> 0 | Y81: =SUM(E81:X81) -> 23640 | Z81: D
B82: ● | C82: Bat FDV | D82: Boost Bat Rocta Mét (/h) | E82: =IF(E13="Rocta",E78*E21*0.02,0) -> 642642.16 | F82: =IF(F13="Rocta",F78*F21*0.02,0) -> 0 | G82: =IF(G13="Rocta",G78*G21*0.02,0) -> 0 | H82: =IF(H13="Rocta",H78*H21*0.02,0) -> 0 | I82: =IF(I13="Rocta",I78*I21*0.02,0) -> 0 | J82: =IF(J13="Rocta",J78*J21*0.02,0) -> 0 | K82: =IF(K13="Rocta",K78*K21*0.02,0) -> 0 | L82: =IF(L13="Rocta",L78*L21*0.02,0) -> 0 | ... X82: =IF(X13="Rocta",X78*X21*0.02,0) -> 0 | Y82: =SUM(E82:X82) -> 642642.16 | Z82: M
B83: ● | C83: Bat FDV | D83: Boost Bat Rocta Cri (/h) | E83: =IF(E13="Rocta",E79*E22*0.02,0) -> 83441.609 | F83: =IF(F13="Rocta",F79*F22*0.02,0) -> 0 | G83: =IF(G13="Rocta",G79*G22*0.02,0) -> 0 | H83: =IF(H13="Rocta",H79*H22*0.02,0) -> 0 | I83: =IF(I13="Rocta",I79*I22*0.02,0) -> 0 | J83: =IF(J13="Rocta",J79*J22*0.02,0) -> 0 | K83: =IF(K13="Rocta",K79*K22*0.02,0) -> 0 | L83: =IF(L13="Rocta",L79*L22*0.02,0) -> 0 | ... X83: =IF(X13="Rocta",X79*X22*0.02,0) -> 0 | Y83: =SUM(E83:X83) -> 83441.609 | Z83: C
B84: ● | C84: Bat FDV | D84: Boost Bat Rocta Deut (/h) | E84: =IF(E13="Rocta",E80*E23*0.02,0) -> 172619.12 | F84: =IF(F13="Rocta",F80*F23*0.02,0) -> 0 | G84: =IF(G13="Rocta",G80*G23*0.02,0) -> 0 | H84: =IF(H13="Rocta",H80*H23*0.02,0) -> 0 | I84: =IF(I13="Rocta",I80*I23*0.02,0) -> 0 | J84: =IF(J13="Rocta",J80*J23*0.02,0) -> 0 | K84: =IF(K13="Rocta",K80*K23*0.02,0) -> 0 | L84: =IF(L13="Rocta",L80*L23*0.02,0) -> 0 | ... X84: =IF(X13="Rocta",X80*X23*0.02,0) -> 0 | Y84: =SUM(E84:X84) -> 172619.12 | Z84: D
B85: ● | C85: Bat FDV | D85: Boost Bat Humains Mét (/h) | E85: =IF(E13="Humains",E78*E24*0.015,0) -> 0 | F85: =IF(F13="Humains",F78*F24*0.015,0) -> 0 | G85: =IF(G13="Humains",G78*G24*0.015,0) -> 0 | H85: =IF(H13="Humains",H78*H24*0.015,0) -> 0 | I85: =IF(I13="Humains",I78*I24*0.015,0) -> 0 | J85: =IF(J13="Humains",J78*J24*0.015,0) -> 0 | K85: =IF(K13="Humains",K78*K24*0.015,0) -> 0 | L85: =IF(L13="Humains",L78*L24*0.015,0) -> 0 | ... X85: =IF(X13="Humains",X78*X24*0.015,0) -> 0 | Y85: =SUM(E85:X85) -> 0 | Z85: M
B86: ● | C86: Bat FDV | D86: Boost Bat Humains Cri (/h) | E86: =IF(E13="Humains",E79*E25*0.015,0) -> 0 | F86: =IF(F13="Humains",F79*F25*0.015,0) -> 0 | G86: =IF(G13="Humains",G79*G25*0.015,0) -> 0 | H86: =IF(H13="Humains",H79*H25*0.015,0) -> 0 | I86: =IF(I13="Humains",I79*I25*0.015,0) -> 0 | J86: =IF(J13="Humains",J79*J25*0.015,0) -> 0 | K86: =IF(K13="Humains",K79*K25*0.015,0) -> 0 | L86: =IF(L13="Humains",L79*L25*0.015,0) -> 0 | ... X86: =IF(X13="Humains",X79*X25*0.015,0) -> 0 | Y86: =SUM(E86:X86) -> 0 | Z86: C
B87: ● | C87: Bat FDV | D87: Boost Bat Humains Deut (/h) | E87: =IF(E13="Humains",E80*E26*0.01,0) -> 0 | F87: =IF(F13="Humains",F80*F26*0.01,0) -> 0 | G87: =IF(G13="Humains",G80*G26*0.01,0) -> 0 | H87: =IF(H13="Humains",H80*H26*0.01,0) -> 0 | I87: =IF(I13="Humains",I80*I26*0.01,0) -> 0 | J87: =IF(J13="Humains",J80*J26*0.01,0) -> 0 | K87: =IF(K13="Humains",K80*K26*0.01,0) -> 0 | L87: =IF(L13="Humains",L80*L26*0.01,0) -> 0 | ... X87: =IF(X13="Humains",X80*X26*0.01,0) -> 0 | Y87: =SUM(E87:X87) -> 0 | Z87: D
B88: ● | C88: Bat FDV | D88: Boost Bat Rocta Deut (/h) | E88: =IF(E13="Méca",E80*E27*0.02,0) -> 0 | F88: =IF(F13="Méca",F80*F27*0.02,0) -> 0 | G88: =IF(G13="Méca",G80*G27*0.02,0) -> 0 | H88: =IF(H13="Méca",H80*H27*0.02,0) -> 0 | I88: =IF(I13="Méca",I80*I27*0.02,0) -> 0 | J88: =IF(J13="Méca",J80*J27*0.02,0) -> 0 | K88: =IF(K13="Méca",K80*K27*0.02,0) -> 0 | L88: =IF(L13="Méca",L80*L27*0.02,0) -> 0 | ... X88: =IF(X13="Méca",X80*X27*0.02,0) -> 0 | Y88: =SUM(E88:X88) -> 0 | Z88: D
B89: ● | C89: Foreuses | D89: Foreuse Métal (/h) | E89: =IF(E3="Collecteur",E78*E14*0.02%*1.5,E78*E14*0.02%) -> 290586.02 | F89: =IF(F3="Collecteur",F78*F14*0.02%*1.5,F78*F14*0.02%) -> 0 | G89: =IF(G3="Collecteur",G78*G14*0.02%*1.5,G78*G14*0.02%) -> 0 | H89: =IF(H3="Collecteur",H78*H14*0.02%*1.5,H78*H14*0.02%) -> 0 | I89: =IF(I3="Collecteur",I78*I14*0.02%*1.5,I78*I14*0.02%) -> 0 | J89: =IF(J3="Collecteur",J78*J14*0.02%*1.5,J78*J14*0.02%) -> 0 | K89: =IF(K3="Collecteur",K78*K14*0.02%*1.5,K78*K14*0.02%) -> 0 | L89: =IF(L3="Collecteur",L78*L14*0.02%*1.5,L78*L14*0.02%) -> 0 | ... X89: =IF(X3="Collecteur",X78*X14*0.02%*1.5,X78*X14*0.02%) -> 0 | Y89: =SUM(E89:X89) -> 290586.02 | Z89: M
B90: ● | C90: Foreuses | D90: Foreuse Cristal (/h) | E90: =IF(E3="Collecteur",E79*E14*0.02%*1.5,E79*E14*0.02%) -> 66753.287 | F90: =IF(F3="Collecteur",F79*F14*0.02%*1.5,F79*F14*0.02%) -> 0 | G90: =IF(G3="Collecteur",G79*G14*0.02%*1.5,G79*G14*0.02%) -> 0 | H90: =IF(H3="Collecteur",H79*H14*0.02%*1.5,H79*H14*0.02%) -> 0 | I90: =IF(I3="Collecteur",I79*I14*0.02%*1.5,I79*I14*0.02%) -> 0 | J90: =IF(J3="Collecteur",J79*J14*0.02%*1.5,J79*J14*0.02%) -> 0 | K90: =IF(K3="Collecteur",K79*K14*0.02%*1.5,K79*K14*0.02%) -> 0 | L90: =IF(L3="Collecteur",L79*L14*0.02%*1.5,L79*L14*0.02%) -> 0 | ... X90: =IF(X3="Collecteur",X79*X14*0.02%*1.5,X79*X14*0.02%) -> 0 | Y90: =SUM(E90:X90) -> 66753.287 | Z90: C
B91: ● | C91: Foreuses | D91: Foreuse Deut (/h) | E91: =IF(E3="Collecteur",E80*E14*0.02%*1.5,E80*E14*0.02%) -> 105602.29 | F91: =IF(F3="Collecteur",F80*F14*0.02%*1.5,F80*F14*0.02%) -> 0 | G91: =IF(G3="Collecteur",G80*G14*0.02%*1.5,G80*G14*0.02%) -> 0 | H91: =IF(H3="Collecteur",H80*H14*0.02%*1.5,H80*H14*0.02%) -> 0 | I91: =IF(I3="Collecteur",I80*I14*0.02%*1.5,I80*I14*0.02%) -> 0 | J91: =IF(J3="Collecteur",J80*J14*0.02%*1.5,J80*J14*0.02%) -> 0 | K91: =IF(K3="Collecteur",K80*K14*0.02%*1.5,K80*K14*0.02%) -> 0 | L91: =IF(L3="Collecteur",L80*L14*0.02%*1.5,L80*L14*0.02%) -> 0 | ... X91: =IF(X3="Collecteur",X80*X14*0.02%*1.5,X80*X14*0.02%) -> 0 | Y91: =SUM(E91:X91) -> 105602.29 | Z91: D
B92: ● | C92: Plasma | D92: Plasma Mét (/h) | E92: =E29*E78*1% -> 321321.08 | F92: =F29*F78*1% -> 0 | G92: =G29*G78*1% -> 0 | H92: =H29*H78*1% -> 0 | I92: =I29*I78*1% -> 0 | J92: =J29*J78*1% -> 0 | K92: =K29*K78*1% -> 0 | L92: =L29*L78*1% -> 0 | ... X92: =X29*X78*1% -> 0 | Y92: =SUM(E92:X92) -> 321321.08 | Z92: M
B93: ● | C93: Plasma | D93: Plasma Cri (/h) | E93: =E29*E79*0.66% -> 48717.063 | F93: =F29*F79*0.66% -> 0 | G93: =G29*G79*0.66% -> 0 | H93: =H29*H79*0.66% -> 0 | I93: =I29*I79*0.66% -> 0 | J93: =J29*J79*0.66% -> 0 | K93: =K29*K79*0.66% -> 0 | L93: =L29*L79*0.66% -> 0 | ... X93: =X29*X79*0.66% -> 0 | Y93: =SUM(E93:X93) -> 48717.063 | Z93: C
B94: ● | C94: Plasma | D94: Plasma Deut (/h) | E94: =E29*E80*0.33% -> 38534.681 | F94: =F29*F80*0.33% -> 0 | G94: =G29*G80*0.33% -> 0 | H94: =H29*H80*0.33% -> 0 | I94: =I29*I80*0.33% -> 0 | J94: =J29*J80*0.33% -> 0 | K94: =K29*K80*0.33% -> 0 | L94: =L29*L80*0.33% -> 0 | ... X94: =X29*X80*0.33% -> 0 | Y94: =SUM(E94:X94) -> 38534.681 | Z94: D
B95: ● | C95: Objets | D95: Objet Mét (/h) | E95: =E78*E31 -> 0 | F95: =F78*F31 -> 0 | G95: =G78*G31 -> 0 | H95: =H78*H31 -> 0 | I95: =I78*I31 -> 0 | J95: =J78*J31 -> 0 | K95: =K78*K31 -> 0 | L95: =L78*L31 -> 0 | ... X95: =X78*X31 -> 0 | Y95: =SUM(E95:X95) -> 0 | Z95: M
B96: ● | C96: Objets | D96: Objet Cri (/h) | E96: =E79*E32 -> 0 | F96: =F79*F32 -> 0 | G96: =G79*G32 -> 0 | H96: =H79*H32 -> 0 | I96: =I79*I32 -> 0 | J96: =J79*J32 -> 0 | K96: =K79*K32 -> 0 | L96: =L79*L32 -> 0 | ... X96: =X79*X32 -> 0 | Y96: =SUM(E96:X96) -> 0 | Z96: C
B97: ● | C97: Objets | D97: Objet Deut (/h) | E97: =E80*E33 -> 203081.32 | F97: =F80*F33 -> 0 | G97: =G80*G33 -> 0 | H97: =H80*H33 -> 0 | I97: =I80*I33 -> 0 | J97: =J80*J33 -> 0 | K97: =K80*K33 -> 0 | L97: =L80*L33 -> 0 | ... X97: =X80*X33 -> 0 | Y97: =SUM(E97:X97) -> 203081.32 | Z97: D
B98: ● | C98: Géologue | D98: Géologue Mét (/h) | E98: =IF($I$2="Oui",E78*0.1,0) -> 139704.82 | F98: =IF($I$2="Oui",F78*0.1,0) -> 0 | G98: =IF($I$2="Oui",G78*0.1,0) -> 0 | H98: =IF($I$2="Oui",H78*0.1,0) -> 0 | I98: =IF($I$2="Oui",I78*0.1,0) -> 0 | J98: =IF($I$2="Oui",J78*0.1,0) -> 0 | K98: =IF($I$2="Oui",K78*0.1,0) -> 0 | L98: =IF($I$2="Oui",L78*0.1,0) -> 0 | ... X98: =IF($I$2="Oui",X78*0.1,0) -> 0 | Y98: =SUM(E98:X98) -> 139704.82 | Z98: M
B99: ● | C99: Géologue | D99: Géologue Cri (/h) | E99: =IF($I$2="Oui",E79*0.1,0) -> 32092.927 | F99: =IF($I$2="Oui",F79*0.1,0) -> 0 | G99: =IF($I$2="Oui",G79*0.1,0) -> 0 | H99: =IF($I$2="Oui",H79*0.1,0) -> 0 | I99: =IF($I$2="Oui",I79*0.1,0) -> 0 | J99: =IF($I$2="Oui",J79*0.1,0) -> 0 | K99: =IF($I$2="Oui",K79*0.1,0) -> 0 | L99: =IF($I$2="Oui",L79*0.1,0) -> 0 | ... X99: =IF($I$2="Oui",X79*0.1,0) -> 0 | Y99: =SUM(E99:X99) -> 32092.927 | Z99: C
B100: ● | C100: Géologue | D100: Géologue Deut (/h) | E100: =IF($I$2="Oui",E80*0.1,0) -> 50770.33 | F100: =IF($I$2="Oui",F80*0.1,0) -> 0 | G100: =IF($I$2="Oui",G80*0.1,0) -> 0 | H100: =IF($I$2="Oui",H80*0.1,0) -> 0 | I100: =IF($I$2="Oui",I80*0.1,0) -> 0 | J100: =IF($I$2="Oui",J80*0.1,0) -> 0 | K100: =IF($I$2="Oui",K80*0.1,0) -> 0 | L100: =IF($I$2="Oui",L80*0.1,0) -> 0 | ... X100: =IF($I$2="Oui",X80*0.1,0) -> 0 | Y100: =SUM(E100:X100) -> 50770.33 | Z100: D
B101: ● | C101: Full Offi | D101: Full Offi Mét (/h) | E101: =IF($I$3="Oui",E78*0.02,0) -> 27940.963 | F101: =IF($I$3="Oui",F78*0.02,0) -> 0 | G101: =IF($I$3="Oui",G78*0.02,0) -> 0 | H101: =IF($I$3="Oui",H78*0.02,0) -> 0 | I101: =IF($I$3="Oui",I78*0.02,0) -> 0 | J101: =IF($I$3="Oui",J78*0.02,0) -> 0 | K101: =IF($I$3="Oui",K78*0.02,0) -> 0 | L101: =IF($I$3="Oui",L78*0.02,0) -> 0 | ... X101: =IF($I$3="Oui",X78*0.02,0) -> 0 | Y101: =SUM(E101:X101) -> 27940.963 | Z101: M
B102: ● | C102: Full Offi | D102: Full Offi Cri (/h) | E102: =IF($I$3="Oui",E79*0.02,0) -> 6418.5853 | F102: =IF($I$3="Oui",F79*0.02,0) -> 0 | G102: =IF($I$3="Oui",G79*0.02,0) -> 0 | H102: =IF($I$3="Oui",H79*0.02,0) -> 0 | I102: =IF($I$3="Oui",I79*0.02,0) -> 0 | J102: =IF($I$3="Oui",J79*0.02,0) -> 0 | K102: =IF($I$3="Oui",K79*0.02,0) -> 0 | L102: =IF($I$3="Oui",L79*0.02,0) -> 0 | ... X102: =IF($I$3="Oui",X79*0.02,0) -> 0 | Y102: =SUM(E102:X102) -> 6418.5853 | Z102: C
B103: ● | C103: Full Offi | D103: Full Offi Deut (/h) | E103: =IF($I$3="Oui",E80*0.02,0) -> 10154.066 | F103: =IF($I$3="Oui",F80*0.02,0) -> 0 | G103: =IF($I$3="Oui",G80*0.02,0) -> 0 | H103: =IF($I$3="Oui",H80*0.02,0) -> 0 | I103: =IF($I$3="Oui",I80*0.02,0) -> 0 | J103: =IF($I$3="Oui",J80*0.02,0) -> 0 | K103: =IF($I$3="Oui",K80*0.02,0) -> 0 | L103: =IF($I$3="Oui",L80*0.02,0) -> 0 | ... X103: =IF($I$3="Oui",X80*0.02,0) -> 0 | Y103: =SUM(E103:X103) -> 10154.066 | Z103: D
B104: ● | C104: Collecteur | D104: Collecteur Mét (/h) | E104: =IF($E$3="Collecteur",E78*0.25*(1+$T$5),0) -> 0 | F104: =IF($E$3="Collecteur",F78*0.25*(1+$T$5),0) -> 0 | G104: =IF($E$3="Collecteur",G78*0.25*(1+$T$5),0) -> 0 | H104: =IF($E$3="Collecteur",H78*0.25*(1+$T$5),0) -> 0 | I104: =IF($E$3="Collecteur",I78*0.25*(1+$T$5),0) -> 0 | J104: =IF($E$3="Collecteur",J78*0.25*(1+$T$5),0) -> 0 | K104: =IF($E$3="Collecteur",K78*0.25*(1+$T$5),0) -> 0 | L104: =IF($E$3="Collecteur",L78*0.25*(1+$T$5),0) -> 0 | ... X104: =IF($E$3="Collecteur",X78*0.25*(1+$T$5),0) -> 0 | Y104: =SUM(E104:X104) -> 0 | Z104: M
B105: ● | C105: Collecteur | D105: Collecteur Cri (/h) | E105: =IF($E$3="Collecteur",E79*0.25*(1+$T$5),0) -> 0 | F105: =IF($E$3="Collecteur",F79*0.25*(1+$T$5),0) -> 0 | G105: =IF($E$3="Collecteur",G79*0.25*(1+$T$5),0) -> 0 | H105: =IF($E$3="Collecteur",H79*0.25*(1+$T$5),0) -> 0 | I105: =IF($E$3="Collecteur",I79*0.25*(1+$T$5),0) -> 0 | J105: =IF($E$3="Collecteur",J79*0.25*(1+$T$5),0) -> 0 | K105: =IF($E$3="Collecteur",K79*0.25*(1+$T$5),0) -> 0 | L105: =IF($E$3="Collecteur",L79*0.25*(1+$T$5),0) -> 0 | ... X105: =IF($E$3="Collecteur",X79*0.25*(1+$T$5),0) -> 0 | Y105: =SUM(E105:X105) -> 0 | Z105: C
B106: ● | C106: Collecteur | D106: Collecteur Deut (/h) | E106: =IF($E$3="Collecteur",E80*0.25*(1+$T$5),0) -> 0 | F106: =IF($E$3="Collecteur",F80*0.25*(1+$T$5),0) -> 0 | G106: =IF($E$3="Collecteur",G80*0.25*(1+$T$5),0) -> 0 | H106: =IF($E$3="Collecteur",H80*0.25*(1+$T$5),0) -> 0 | I106: =IF($E$3="Collecteur",I80*0.25*(1+$T$5),0) -> 0 | J106: =IF($E$3="Collecteur",J80*0.25*(1+$T$5),0) -> 0 | K106: =IF($E$3="Collecteur",K80*0.25*(1+$T$5),0) -> 0 | L106: =IF($E$3="Collecteur",L80*0.25*(1+$T$5),0) -> 0 | ... X106: =IF($E$3="Collecteur",X80*0.25*(1+$T$5),0) -> 0 | Y106: =SUM(E106:X106) -> 0 | Z106: D
B107: ● | C107: Marchand | D107: Marchand Mét (/h) | E107: =IF($I$4="Oui",E78*0.05,0) -> 69852.408 | F107: =IF($I$4="Oui",F78*0.05,0) -> 0 | G107: =IF($I$4="Oui",G78*0.05,0) -> 0 | H107: =IF($I$4="Oui",H78*0.05,0) -> 0 | I107: =IF($I$4="Oui",I78*0.05,0) -> 0 | J107: =IF($I$4="Oui",J78*0.05,0) -> 0 | K107: =IF($I$4="Oui",K78*0.05,0) -> 0 | L107: =IF($I$4="Oui",L78*0.05,0) -> 0 | ... X107: =IF($I$4="Oui",X78*0.05,0) -> 0 | Y107: =SUM(E107:X107) -> 69852.408 | Z107: M
...

Sheet 2. Simulation
D2: Vitesse de l'Univers ● | E2: 10 | G2: Géologue Actif ● | I2: Oui | K2: Bonus Humain ● | M2: 0.099 | P2: Bonus Métal Global Tech FDV ● | T2: =Y41+Y43+Y47+Y49+Y57+Y59+Y69 -> 0.08664
D3: Classe choisie ● | E3: Explorateur | G3: Full Offi Actif ● | I3: Oui | K3: Bonus Méca ● | M3: 0.097 | P3: Bonus Cristal Global tech FDV ● | T3: =Y41+Y43+Y47+Y49+Y69 -> 0.05688
G4: Classe Marchand ● | I4: Oui | K4: Bonus Rocta ● | M4: 0.1 | P4: Bonus Deut Global Tech FDV ● | T4: =Y41+Y43+Y45+Y47+Y49+Y53+Y69 -> 0.09432
K5: Bonus Kaelesh ● | M5: 0.098 | P5: Bonus Collecteur ● | T5: =Y65 -> 0
B6: ● | C6: Remplir la ligne
B7: ● | C7: Ne pas toucher la ligne (formules)
D8: N° de Planète | E8: Planète 1 | F8: Planète 2 | G8: Planète 3 | H8: Planète 4 | I8: Planète 5 | J8: Planète 6 | K8: Planète 7 | L8: Planète 8 | M8: Planète 9 | N8: Planète 10 | O8: Planète 11 | P8: Planète 12 | Q8: Planète 13 | R8: Planète 14 | S8: Planète 15 | T8: Planète 16 | U8: Planète 17 | V8: Planète 18 | W8: Planète 19 | X8: Planète 20 | Y8: Total
B9: ● | C9: Infos de Base | D9: Nom de Planète | E9: Birgitte
B10: ● | D10: Coordonnées de la Planète | E10: 3:198:15
B11: ● | D11: Position de la Planète | E11: =--MID(E10,SEARCH(":",E10,SEARCH(":",E10)+1)+1,LEN(E10)) -> 15
B12: ● | D12: Température Max | E12: -130
B13: ● | D13: Race Choisie | E13: Méca
B14: ● | D14: Nb Max de foreuses | E14: =IF(AND($E$3="Collecteur",$I$2="Oui"),(E17+E18+E19)*8*1.1,(E17+E18+E19)*8) -> 1040 | F14: =IF(AND($E$3="Collecteur",$I$2="Oui"),(F17+F18+F19)*8*1.1,(F17+F18+F19)*8) -> 0 | G14: =IF(AND($E$3="Collecteur",$I$2="Oui"),(G17+G18+G19)*8*1.1,(G17+G18+G19)*8) -> 0 | H14: =IF(AND($E$3="Collecteur",$I$2="Oui"),(H17+H18+H19)*8*1.1,(H17+H18+H19)*8) -> 0 | I14: =IF(AND($E$3="Collecteur",$I$2="Oui"),(I17+I18+I19)*8*1.1,(I17+I18+I19)*8) -> 0 | J14: =IF(AND($E$3="Collecteur",$I$2="Oui"),(J17+J18+J19)*8*1.1,(J17+J18+J19)*8) -> 0 | K14: =IF(AND($E$3="Collecteur",$I$2="Oui"),(K17+K18+K19)*8*1.1,(K17+K18+K19)*8) -> 0 | L14: =IF(AND($E$3="Collecteur",$I$2="Oui"),(L17+L18+L19)*8*1.1,(L17+L18+L19)*8) -> 0 | ... X14: =IF(AND($E$3="Collecteur",$I$2="Oui"),(X17+X18+X19)*8*1.1,(X17+X18+X19)*8) -> 0
B15: ● | D15: Alerte Foreuse | E15: =IF(E28>=E14,"OK","UP") -> OK | F15: =IF(F28>=F14,"OK","UP") -> OK | G15: =IF(G28>=G14,"OK","UP") -> OK | H15: =IF(H28>=H14,"OK","UP") -> OK | I15: =IF(I28>=I14,"OK","UP") -> OK | J15: =IF(J28>=J14,"OK","UP") -> OK | K15: =IF(K28>=K14,"OK","UP") -> OK | L15: =IF(L28>=L14,"OK","UP") -> OK | ... X15: =IF(X28>=X14,"OK","UP") -> OK
B17: ● | C17: Infos Mines & Bats Prod FDV | D17: Mine de Métal | E17: 48 | Y17: =SUM(E17:X17) -> 48
B18: ● | D18: Mine de Cristal | E18: 39 | Y18: =SUM(E18:X18) -> 39
B19: ● | D19: Mine de Deut | E19: 43 | Y19: =SUM(E19:X19) -> 43
B20: ● | D20: Centrale Fusion | E20: 24 | Y20: =SUM(E20:X20) -> 24
B21: ● | D21: Fusion Magmatique (Rocta) (Mét 2%) | E21: 23 | Y21: =SUM(E21:X21) -> 23
B22: ● | D22: Raffinerie de Cristaux (Rocta) (Cri 2%) | E22: 13 | Y22: =SUM(E22:X22) -> 13
B23: ● | D23: Synto de Deut (Rocta) (Deut 2%) | E23: 17 | Y23: =SUM(E23:X23) -> 17
B24: ● | D24: Fusion à haute énergie (Humains) (Mét 1,5%) | E24: 0 | Y24: =SUM(E24:X24) -> 0
B25: ● | D25: Extraction par fusion (Humains) (Cri 1,5%) | E25: 0 | Y25: =SUM(E25:X25) -> 0
B26: ● | D26: Extraction par fusion (Humains) (Deut 1%) | E26: 0 | Y26: =SUM(E26:X26) -> 0
B27: ● | D27: Synthétiseur à haut rendement (Méca) (Deut 2%) | E27: 15 | Y27: =SUM(E27:X27) -> 15
B28: ● | D28: Nombre de Foreuses | E28: 1200 | Y28: =SUM(E28:X28) -> 1200
B29: ● | D29: Tech Plasma | E29: 23 | Y29: =AVERAGE(E29:X29) -> 23
B31: ● | C31: Objets | D31: % Bonus Objet Mét | E31: 0
B32: ● | D32: % Bonus Objet Cri | E32: 0
B33: ● | D33: % Bonus Objet Deut | E33: 0.4
B35: ● | C35: Bat Boost Tech FDV | D35: Métro (Humain) (0,5%) | E35: 0 | Y35: =SUM(E35:X35) -> 0
B36: ● | D36: Transfo Hyper (Méca) (0,3%) | E36: 17 | Y36: =SUM(E36:X36) -> 17
B37: ● | D37: Prod de Puces (Méca) (0,4%) | E37: 13 | Y37: =SUM(E37:X37) -> 13
B38: ● | D38: Labo de Clonage (Kaelesh) (0,25%) | E38: 0 | Y38: =SUM(E38:X38) -> 0
B40: ● | C40: Actif | D40: 1-2 Humain (Trio) (0,06%) | E40: 19 | Y40: =SUM(E40:X40) -> 19
B41: ● | D41: Bonus Mét + Cri + Deut | E41: =IF($C$40="Inactif",0,IF(E13="Rocta",E40*0.06%+E40*0.06%*$M$4,IF(E13="Humains",E40*0.06%+E40*0.06%*$M$2+E40*0.06%*E35*0.5%,IF(E13="Méca",E40*0.06%+E40*0.06%*$M$3+E40*0.06%*E36*0.3%+E40*0.06%*E37*0.4%,E40*0.06%+E40*0.06%*$M$5+E40*0.06%*E38*0.25%)))) -> 0.01368 | F41: =IF($C$40="Inactif",0,IF(F13="Rocta",F40*0.06%+F40*0.06%*$M$4,IF(F13="Humains",F40*0.06%+F40*0.06%*$M$2+F40*0.06%*F35*0.5%,IF(F13="Méca",F40*0.06%+F40*0.06%*$M$3+F40*0.06%*F36*0.3%+F40*0.06%*F37*0.4%,F40*0.06%+F40*0.06%*$M$5+F40*0.06%*F38*0.25%)))) -> 0 | G41: =IF($C$40="Inactif",0,IF(G13="Rocta",G40*0.06%+G40*0.06%*$M$4,IF(G13="Humains",G40*0.06%+G40*0.06%*$M$2+G40*0.06%*G35*0.5%,IF(G13="Méca",G40*0.06%+G40*0.06%*$M$3+G40*0.06%*G36*0.3%+G40*0.06%*G37*0.4%,G40*0.06%+G40*0.06%*$M$5+G40*0.06%*G38*0.25%)))) -> 0 | H41: =IF($C$40="Inactif",0,IF(H13="Rocta",H40*0.06%+H40*0.06%*$M$4,IF(H13="Humains",H40*0.06%+H40*0.06%*$M$2+H40*0.06%*H35*0.5%,IF(H13="Méca",H40*0.06%+H40*0.06%*$M$3+H40*0.06%*H36*0.3%+H40*0.06%*H37*0.4%,H40*0.06%+H40*0.06%*$M$5+H40*0.06%*H38*0.25%)))) -> 0 | I41: =IF($C$40="Inactif",0,IF(I13="Rocta",I40*0.06%+I40*0.06%*$M$4,IF(I13="Humains",I40*0.06%+I40*0.06%*$M$2+I40*0.06%*I35*0.5%,IF(I13="Méca",I40*0.06%+I40*0.06%*$M$3+I40*0.06%*I36*0.3%+I40*0.06%*I37*0.4%,I40*0.06%+I40*0.06%*$M$5+I40*0.06%*I38*0.25%)))) -> 0 | J41: =IF($C$40="Inactif",0,IF(J13="Rocta",J40*0.06%+J40*0.06%*$M$4,IF(J13="Humains",J40*0.06%+J40*0.06%*$M$2+J40*0.06%*J35*0.5%,IF(J13="Méca",J40*0.06%+J40*0.06%*$M$3+J40*0.06%*J36*0.3%+J40*0.06%*J37*0.4%,J40*0.06%+J40*0.06%*$M$5+J40*0.06%*J38*0.25%)))) -> 0 | K41: =IF($C$40="Inactif",0,IF(K13="Rocta",K40*0.06%+K40*0.06%*$M$4,IF(K13="Humains",K40*0.06%+K40*0.06%*$M$2+K40*0.06%*K35*0.5%,IF(K13="Méca",K40*0.06%+K40*0.06%*$M$3+K40*0.06%*K36*0.3%+K40*0.06%*K37*0.4%,K40*0.06%+K40*0.06%*$M$5+K40*0.06%*K38*0.25%)))) -> 0 | L41: =IF($C$40="Inactif",0,IF(L13="Rocta",L40*0.06%+L40*0.06%*$M$4,IF(L13="Humains",L40*0.06%+L40*0.06%*$M$2+L40*0.06%*L35*0.5%,IF(L13="Méca",L40*0.06%+L40*0.06%*$M$3+L40*0.06%*L36*0.3%+L40*0.06%*L37*0.4%,L40*0.06%+L40*0.06%*$M$5+L40*0.06%*L38*0.25%)))) -> 0 | ... X41: =IF($C$40="Inactif",0,IF(X13="Rocta",X40*0.06%+X40*0.06%*$M$4,IF(X13="Humains",X40*0.06%+X40*0.06%*$M$2+X40*0.06%*X35*0.5%,IF(X13="Méca",X40*0.06%+X40*0.06%*$M$3+X40*0.06%*X36*0.3%+X40*0.06%*X37*0.4%,X40*0.06%+X40*0.06%*$M$5+X40*0.06%*X38*0.25%)))) -> 0 | Y41: =SUM(E41:X41) -> 0.01368
B42: ● | C42: Actif | D42: 2-2 Humain (Trio) (0,06%) | E42: 16 | Y42: =SUM(E42:X42) -> 16
B43: ● | D43: Bonus Mét + Cri + Deut | E43: =IF($C$42="Inactif",0,IF(E13="Rocta",E42*0.06%+E42*0.06%*$M$4,IF(E13="Humains",E42*0.06%+E42*0.06%*$M$2+E42*0.06%*E35*0.5%,IF(E13="Méca",E42*0.06%+E42*0.06%*$M$3+E42*0.06%*E36*0.3%+E42*0.06%*E37*0.4%,E42*0.06%+E42*0.06%*$M$5+E42*0.06%*E38*0.25%)))) -> 0.01152 | F43: =IF($C$42="Inactif",0,IF(F13="Rocta",F42*0.06%+F42*0.06%*$M$4,IF(F13="Humains",F42*0.06%+F42*0.06%*$M$2+F42*0.06%*F35*0.5%,IF(F13="Méca",F42*0.06%+F42*0.06%*$M$3+F42*0.06%*F36*0.3%+F42*0.06%*F37*0.4%,F42*0.06%+F42*0.06%*$M$5+F42*0.06%*F38*0.25%)))) -> 0 | G43: =IF($C$42="Inactif",0,IF(G13="Rocta",G42*0.06%+G42*0.06%*$M$4,IF(G13="Humains",G42*0.06%+G42*0.06%*$M$2+G42*0.06%*G35*0.5%,IF(G13="Méca",G42*0.06%+G42*0.06%*$M$3+G42*0.06%*G36*0.3%+G42*0.06%*G37*0.4%,G42*0.06%+G42*0.06%*$M$5+G42*0.06%*G38*0.25%)))) -> 0 | H43: =IF($C$42="Inactif",0,IF(H13="Rocta",H42*0.06%+H42*0.06%*$M$4,IF(H13="Humains",H42*0.06%+H42*0.06%*$M$2+H42*0.06%*H35*0.5%,IF(H13="Méca",H42*0.06%+H42*0.06%*$M$3+H42*0.06%*H36*0.3%+H42*0.06%*H37*0.4%,H42*0.06%+H42*0.06%*$M$5+H42*0.06%*H38*0.25%)))) -> 0 | I43: =IF($C$42="Inactif",0,IF(I13="Rocta",I42*0.06%+I42*0.06%*$M$4,IF(I13="Humains",I42*0.06%+I42*0.06%*$M$2+I42*0.06%*I35*0.5%,IF(I13="Méca",I42*0.06%+I42*0.06%*$M$3+I42*0.06%*I36*0.3%+I42*0.06%*I37*0.4%,I42*0.06%+I42*0.06%*$M$5+I42*0.06%*I38*0.25%)))) -> 0 | J43: =IF($C$42="Inactif",0,IF(J13="Rocta",J42*0.06%+J42*0.06%*$M$4,IF(J13="Humains",J42*0.06%+J42*0.06%*$M$2+J42*0.06%*J35*0.5%,IF(J13="Méca",J42*0.06%+J42*0.06%*$M$3+J42*0.06%*J36*0.3%+J42*0.06%*J37*0.4%,J42*0.06%+J42*0.06%*$M$5+J42*0.06%*J38*0.25%)))) -> 0 | K43: =IF($C$42="Inactif",0,IF(K13="Rocta",K42*0.06%+K42*0.06%*$M$4,IF(K13="Humains",K42*0.06%+K42*0.06%*$M$2+K42*0.06%*K35*0.5%,IF(K13="Méca",K42*0.06%+K42*0.06%*$M$3+K42*0.06%*K36*0.3%+K42*0.06%*K37*0.4%,K42*0.06%+K42*0.06%*$M$5+K42*0.06%*K38*0.25%)))) -> 0 | L43: =IF($C$42="Inactif",0,IF(L13="Rocta",L42*0.06%+L42*0.06%*$M$4,IF(L13="Humains",L42*0.06%+L42*0.06%*$M$2+L42*0.06%*L35*0.5%,IF(L13="Méca",L42*0.06%+L42*0.06%*$M$3+L42*0.06%*L36*0.3%+L42*0.06%*L37*0.4%,L42*0.06%+L42*0.06%*$M$5+L42*0.06%*L38*0.25%)))) -> 0 | ... X43: =IF($C$42="Inactif",0,IF(X13="Rocta",X42*0.06%+X42*0.06%*$M$4,IF(X13="Humains",X42*0.06%+X42*0.06%*$M$2+X42*0.06%*X35*0.5%,IF(X13="Méca",X42*0.06%+X42*0.06%*$M$3+X42*0.06%*X36*0.3%+X42*0.06%*X37*0.4%,X42*0.06%+X42*0.06%*$M$5+X42*0.06%*X38*0.25%)))) -> 0 | Y43: =SUM(E43:X43) -> 0.01152
B44: ● | C44: Actif | D44: 1-1 Méca (Deut) (0,08%) | E44: 20 | Y44: =SUM(E44:X44) -> 20
B45: ● | D45: Bonus Deut | E45: =IF($C$44="Inactif",0,IF(E13="Rocta",E44*0.08%+E44*0.08%*$M$4,IF(E13="Humains",E44*0.08%+E44*0.08%*$M$2+E44*0.08%*E35*0.5%,IF(E13="Méca",E44*0.08%+E44*0.08%*$M$3+E44*0.08%*E36*0.3%+E44*0.08%*E37*0.4%,E44*0.08%+E44*0.08%*$M$5+E44*0.08%*E38*0.25%)))) -> 0.0192 | F45: =IF($C$44="Inactif",0,IF(F13="Rocta",F44*0.08%+F44*0.08%*$M$4,IF(F13="Humains",F44*0.08%+F44*0.08%*$M$2+F44*0.08%*F35*0.5%,IF(F13="Méca",F44*0.08%+F44*0.08%*$M$3+F44*0.08%*F36*0.3%+F44*0.08%*F37*0.4%,F44*0.08%+F44*0.08%*$M$5+F44*0.08%*F38*0.25%)))) -> 0 | G45: =IF($C$44="Inactif",0,IF(G13="Rocta",G44*0.08%+G44*0.08%*$M$4,IF(G13="Humains",G44*0.08%+G44*0.08%*$M$2+G44*0.08%*G35*0.5%,IF(G13="Méca",G44*0.08%+G44*0.08%*$M$3+G44*0.08%*G36*0.3%+G44*0.08%*G37*0.4%,G44*0.08%+G44*0.08%*$M$5+G44*0.08%*G38*0.25%)))) -> 0 | H45: =IF($C$44="Inactif",0,IF(H13="Rocta",H44*0.08%+H44*0.08%*$M$4,IF(H13="Humains",H44*0.08%+H44*0.08%*$M$2+H44*0.08%*H35*0.5%,IF(H13="Méca",H44*0.08%+H44*0.08%*$M$3+H44*0.08%*H36*0.3%+H44*0.08%*H37*0.4%,H44*0.08%+H44*0.08%*$M$5+H44*0.08%*H38*0.25%)))) -> 0 | I45: =IF($C$44="Inactif",0,IF(I13="Rocta",I44*0.08%+I44*0.08%*$M$4,IF(I13="Humains",I44*0.08%+I44*0.08%*$M$2+I44*0.08%*I35*0.5%,IF(I13="Méca",I44*0.08%+I44*0.08%*$M$3+I44*0.08%*I36*0.3%+I44*0.08%*I37*0.4%,I44*0.08%+I44*0.08%*$M$5+I44*0.08%*I38*0.25%)))) -> 0 | J45: =IF($C$44="Inactif",0,IF(J13="Rocta",J44*0.08%+J44*0.08%*$M$4,IF(J13="Humains",J44*0.08%+J44*0.08%*$M$2+J44*0.08%*J35*0.5%,IF(J13="Méca",J44*0.08%+J44*0.08%*$M$3+J44*0.08%*J36*0.3%+J44*0.08%*J37*0.4%,J44*0.08%+J44*0.08%*$M$5+J44*0.08%*J38*0.25%)))) -> 0 | K45: =IF($C$44="Inactif",0,IF(K13="Rocta",K44*0.08%+K44*0.08%*$M$4,IF(K13="Humains",K44*0.08%+K44*0.08%*$M$2+K44*0.08%*K35*0.5%,IF(K13="Méca",K44*0.08%+K44*0.08%*$M$3+K44*0.08%*K36*0.3%+K44*0.08%*K37*0.4%,K44*0.08%+K44*0.08%*$M$5+K44*0.08%*K38*0.25%)))) -> 0 | L45: =IF($C$44="Inactif",0,IF(L13="Rocta",L44*0.08%+L44*0.08%*$M$4,IF(L13="Humains",L44*0.08%+L44*0.08%*$M$2+L44*0.08%*L35*0.5%,IF(L13="Méca",L44*0.08%+L44*0.08%*$M$3+L44*0.08%*L36*0.3%+L44*0.08%*L37*0.4%,L44*0.08%+L44*0.08%*$M$5+L44*0.08%*L38*0.25%)))) -> 0 | ... X45: =IF($C$44="Inactif",0,IF(X13="Rocta",X44*0.08%+X44*0.08%*$M$4,IF(X13="Humains",X44*0.08%+X44*0.08%*$M$2+X44*0.08%*X35*0.5%,IF(X13="Méca",X44*0.08%+X44*0.08%*$M$3+X44*0.08%*X36*0.3%+X44*0.08%*X37*0.4%,X44*0.08%+X44*0.08%*$M$5+X44*0.08%*X38*0.25%)))) -> 0 | Y45: =SUM(E45:X45) -> 0.0192
B46: ● | C46: Actif | D46: 1-6 Méca (Trio) (0,06%) | E46: 16 | Y46: =SUM(E46:X46) -> 16
B47: ● | D47: Bonus Mét + Cri + Deut | E47: =IF($C$46="Inactif",0,IF(E13="Rocta",E46*0.06%+E46*0.06%*$M$4,IF(E13="Humains",E46*0.06%+E46*0.06%*$M$2+E46*0.06%*E35*0.5%,IF(E13="Méca",E46*0.06%+E46*0.06%*$M$3+E46*0.06%*E36*0.3%+E46*0.06%*E37*0.4%,E46*0.06%+E46*0.06%*$M$5+E46*0.06%*E38*0.25%)))) -> 0.01152 | F47: =IF($C$46="Inactif",0,IF(F13="Rocta",F46*0.06%+F46*0.06%*$M$4,IF(F13="Humains",F46*0.06%+F46*0.06%*$M$2+F46*0.06%*F35*0.5%,IF(F13="Méca",F46*0.06%+F46*0.06%*$M$3+F46*0.06%*F36*0.3%+F46*0.06%*F37*0.4%,F46*0.06%+F46*0.06%*$M$5+F46*0.06%*F38*0.25%)))) -> 0 | G47: =IF($C$46="Inactif",0,IF(G13="Rocta",G46*0.06%+G46*0.06%*$M$4,IF(G13="Humains",G46*0.06%+G46*0.06%*$M$2+G46*0.06%*G35*0.5%,IF(G13="Méca",G46*0.06%+G46*0.06%*$M$3+G46*0.06%*G36*0.3%+G46*0.06%*G37*0.4%,G46*0.06%+G46*0.06%*$M$5+G46*0.06%*G38*0.25%)))) -> 0 | H47: =IF($C$46="Inactif",0,IF(H13="Rocta",H46*0.06%+H46*0.06%*$M$4,IF(H13="Humains",H46*0.06%+H46*0.06%*$M$2+H46*0.06%*H35*0.5%,IF(H13="Méca",H46*0.06%+H46*0.06%*$M$3+H46*0.06%*H36*0.3%+H46*0.06%*H37*0.4%,H46*0.06%+H46*0.06%*$M$5+H46*0.06%*H38*0.25%)))) -> 0 | I47: =IF($C$46="Inactif",0,IF(I13="Rocta",I46*0.06%+I46*0.06%*$M$4,IF(I13="Humains",I46*0.06%+I46*0.06%*$M$2+I46*0.06%*I35*0.5%,IF(I13="Méca",I46*0.06%+I46*0.06%*$M$3+I46*0.06%*I36*0.3%+I46*0.06%*I37*0.4%,I46*0.06%+I46*0.06%*$M$5+I46*0.06%*I38*0.25%)))) -> 0 | J47: =IF($C$46="Inactif",0,IF(J13="Rocta",J46*0.06%+J46*0.06%*$M$4,IF(J13="Humains",J46*0.06%+J46*0.06%*$M$2+J46*0.06%*J35*0.5%,IF(J13="Méca",J46*0.06%+J46*0.06%*$M$3+J46*0.06%*J36*0.3%+J46*0.06%*J37*0.4%,J46*0.06%+J46*0.06%*$M$5+J46*0.06%*J38*0.25%)))) -> 0 | K47: =IF($C$46="Inactif",0,IF(K13="Rocta",K46*0.06%+K46*0.06%*$M$4,IF(K13="Humains",K46*0.06%+K46*0.06%*$M$2+K46*0.06%*K35*0.5%,IF(K13="Méca",K46*0.06%+K46*0.06%*$M$3+K46*0.06%*K36*0.3%+K46*0.06%*K37*0.4%,K46*0.06%+K46*0.06%*$M$5+K46*0.06%*K38*0.25%)))) -> 0 | L47: =IF($C$46="Inactif",0,IF(L13="Rocta",L46*0.06%+L46*0.06%*$M$4,IF(L13="Humains",L46*0.06%+L46*0.06%*$M$2+L46*0.06%*L35*0.5%,IF(L13="Méca",L46*0.06%+L46*0.06%*$M$3+L46*0.06%*L36*0.3%+L46*0.06%*L37*0.4%,L46*0.06%+L46*0.06%*$M$5+L46*0.06%*L38*0.25%)))) -> 0 | ... X47: =IF($C$46="Inactif",0,IF(X13="Rocta",X46*0.06%+X46*0.06%*$M$4,IF(X13="Humains",X46*0.06%+X46*0.06%*$M$2+X46*0.06%*X35*0.5%,IF(X13="Méca",X46*0.06%+X46*0.06%*$M$3+X46*0.06%*X36*0.3%+X46*0.06%*X37*0.4%,X46*0.06%+X46*0.06%*$M$5+X46*0.06%*X38*0.25%)))) -> 0 | Y47: =SUM(E47:X47) -> 0.01152
B48: ● | C48: Actif | D48: 3-1 Méca (Trio) (0,06%) | E48: 13 | Y48: =SUM(E48:X48) -> 13
B49: ● | D49: Bonus Mét + Cri + Deut | E49: =IF($C$48="Inactif",0,IF(E13="Rocta",E48*0.06%+E48*0.06%*$M$4,IF(E13="Humains",E48*0.06%+E48*0.06%*$M$2+E48*0.06%*E35*0.5%,IF(E13="Méca",E48*0.06%+E48*0.06%*$M$3+E48*0.06%*E36*0.3%+E48*0.06%*E37*0.4%,E48*0.06%+E48*0.06%*$M$5+E48*0.06%*E38*0.25%)))) -> 0.00936 | F49: =IF($C$48="Inactif",0,IF(F13="Rocta",F48*0.06%+F48*0.06%*$M$4,IF(F13="Humains",F48*0.06%+F48*0.06%*$M$2+F48*0.06%*F35*0.5%,IF(F13="Méca",F48*0.06%+F48*0.06%*$M$3+F48*0.06%*F36*0.3%+F48*0.06%*F37*0.4%,F48*0.06%+F48*0.06%*$M$5+F48*0.06%*F38*0.25%)))) -> 0 | G49: =IF($C$48="Inactif",0,IF(G13="Rocta",G48*0.06%+G48*0.06%*$M$4,IF(G13="Humains",G48*0.06%+G48*0.06%*$M$2+G48*0.06%*G35*0.5%,IF(G13="Méca",G48*0.06%+G48*0.06%*$M$3+G48*0.06%*G36*0.3%+G48*0.06%*G37*0.4%,G48*0.06%+G48*0.06%*$M$5+G48*0.06%*G38*0.25%)))) -> 0 | H49: =IF($C$48="Inactif",0,IF(H13="Rocta",H48*0.06%+H48*0.06%*$M$4,IF(H13="Humains",H48*0.06%+H48*0.06%*$M$2+H48*0.06%*H35*0.5%,IF(H13="Méca",H48*0.06%+H48*0.06%*$M$3+H48*0.06%*H36*0.3%+H48*0.06%*H37*0.4%,H48*0.06%+H48*0.06%*$M$5+H48*0.06%*H38*0.25%)))) -> 0 | I49: =IF($C$48="Inactif",0,IF(I13="Rocta",I48*0.06%+I48*0.06%*$M$4,IF(I13="Humains",I48*0.06%+I48*0.06%*$M$2+I48*0.06%*I35*0.5%,IF(I13="Méca",I48*0.06%+I48*0.06%*$M$3+I48*0.06%*I36*0.3%+I48*0.06%*I37*0.4%,I48*0.06%+I48*0.06%*$M$5+I48*0.06%*I38*0.25%)))) -> 0 | J49: =IF($C$48="Inactif",0,IF(J13="Rocta",J48*0.06%+J48*0.06%*$M$4,IF(J13="Humains",J48*0.06%+J48*0.06%*$M$2+J48*0.06%*J35*0.5%,IF(J13="Méca",J48*0.06%+J48*0.06%*$M$3+J48*0.06%*J36*0.3%+J48*0.06%*J37*0.4%,J48*0.06%+J48*0.06%*$M$5+J48*0.06%*J38*0.25%)))) -> 0 | K49: =IF($C$48="Inactif",0,IF(K13="Rocta",K48*0.06%+K48*0.06%*$M$4,IF(K13="Humains",K48*0.06%+K48*0.06%*$M$2+K48*0.06%*K35*0.5%,IF(K13="Méca",K48*0.06%+K48*0.06%*$M$3+K48*0.06%*K36*0.3%+K48*0.06%*K37*0.4%,K48*0.06%+K48*0.06%*$M$5+K48*0.06%*K38*0.25%)))) -> 0 | L49: =IF($C$48="Inactif",0,IF(L13="Rocta",L48*0.06%+L48*0.06%*$M$4,IF(L13="Humains",L48*0.06%+L48*0.06%*$M$2+L48*0.06%*L35*0.5%,IF(L13="Méca",L48*0.06%+L48*0.06%*$M$3+L48*0.06%*L36*0.3%+L48*0.06%*L37*0.4%,L48*0.06%+L48*0.06%*$M$5+L48*0.06%*L38*0.25%)))) -> 0 | ... X49: =IF($C$48="Inactif",0,IF(X13="Rocta",X48*0.06%+X48*0.06%*$M$4,IF(X13="Humains",X48*0.06%+X48*0.06%*$M$2+X48*0.06%*X35*0.5%,IF(X13="Méca",X48*0.06%+X48*0.06%*$M$3+X48*0.06%*X36*0.3%+X48*0.06%*X37*0.4%,X48*0.06%+X48*0.06%*$M$5+X48*0.06%*X38*0.25%)))) -> 0 | Y49: =SUM(E49:X49) -> 0.00936
B50: ● | C50: Inactif | D50: 1-2 Rocta (Cri) (0,08%) | E50: 14 | Y50: =SUM(E50:X50) -> 14
B51: ● | D51: Bonus Cri | E51: =IF($C$50="Inactif",0,IF(E13="Rocta",E50*0.08%+E50*0.08%*$M$4,IF(E13="Humains",E50*0.08%+E50*0.08%*$M$2+E50*0.08%*E35*0.5%,IF(E13="Méca",E50*0.08%+E50*0.08%*$M$3+E50*0.08%*E36*0.3%+E50*0.08%*E37*0.4%,E50*0.08%+E50*0.08%*$M$5+E50*0.08%*E38*0.25%)))) -> 0 | F51: =IF($C$50="Inactif",0,IF(F13="Rocta",F50*0.08%+F50*0.08%*$M$4,IF(F13="Humains",F50*0.08%+F50*0.08%*$M$2+F50*0.08%*F35*0.5%,IF(F13="Méca",F50*0.08%+F50*0.08%*$M$3+F50*0.08%*F36*0.3%+F50*0.08%*F37*0.4%,F50*0.08%+F50*0.08%*$M$5+F50*0.08%*F38*0.25%)))) -> 0 | G51: =IF($C$50="Inactif",0,IF(G13="Rocta",G50*0.08%+G50*0.08%*$M$4,IF(G13="Humains",G50*0.08%+G50*0.08%*$M$2+G50*0.08%*G35*0.5%,IF(G13="Méca",G50*0.08%+G50*0.08%*$M$3+G50*0.08%*G36*0.3%+G50*0.08%*G37*0.4%,G50*0.08%+G50*0.08%*$M$5+G50*0.08%*G38*0.25%)))) -> 0 | H51: =IF($C$50="Inactif",0,IF(H13="Rocta",H50*0.08%+H50*0.08%*$M$4,IF(H13="Humains",H50*0.08%+H50*0.08%*$M$2+H50*0.08%*H35*0.5%,IF(H13="Méca",H50*0.08%+H50*0.08%*$M$3+H50*0.08%*H36*0.3%+H50*0.08%*H37*0.4%,H50*0.08%+H50*0.08%*$M$5+H50*0.08%*H38*0.25%)))) -> 0 | I51: =IF($C$50="Inactif",0,IF(I13="Rocta",I50*0.08%+I50*0.08%*$M$4,IF(I13="Humains",I50*0.08%+I50*0.08%*$M$2+I50*0.08%*I35*0.5%,IF(I13="Méca",I50*0.08%+I50*0.08%*$M$3+I50*0.08%*I36*0.3%+I50*0.08%*I37*0.4%,I50*0.08%+I50*0.08%*$M$5+I50*0.08%*I38*0.25%)))) -> 0 | J51: =IF($C$50="Inactif",0,IF(J13="Rocta",J50*0.08%+J50*0.08%*$M$4,IF(J13="Humains",J50*0.08%+J50*0.08%*$M$2+J50*0.08%*J35*0.5%,IF(J13="Méca",J50*0.08%+J50*0.08%*$M$3+J50*0.08%*J36*0.3%+J50*0.08%*J37*0.4%,J50*0.08%+J50*0.08%*$M$5+J50*0.08%*J38*0.25%)))) -> 0 | K51: =IF($C$50="Inactif",0,IF(K13="Rocta",K50*0.08%+K50*0.08%*$M$4,IF(K13="Humains",K50*0.08%+K50*0.08%*$M$2+K50*0.08%*K35*0.5%,IF(K13="Méca",K50*0.08%+K50*0.08%*$M$3+K50*0.08%*K36*0.3%+K50*0.08%*K37*0.4%,K50*0.08%+K50*0.08%*$M$5+K50*0.08%*K38*0.25%)))) -> 0 | L51: =IF($C$50="Inactif",0,IF(L13="Rocta",L50*0.08%+L50*0.08%*$M$4,IF(L13="Humains",L50*0.08%+L50*0.08%*$M$2+L50*0.08%*L35*0.5%,IF(L13="Méca",L50*0.08%+L50*0.08%*$M$3+L50*0.08%*L36*0.3%+L50*0.08%*L37*0.4%,L50*0.08%+L50*0.08%*$M$5+L50*0.08%*L38*0.25%)))) -> 0 | ... X51: =IF($C$50="Inactif",0,IF(X13="Rocta",X50*0.08%+X50*0.08%*$M$4,IF(X13="Humains",X50*0.08%+X50*0.08%*$M$2+X50*0.08%*X35*0.5%,IF(X13="Méca",X50*0.08%+X50*0.08%*$M$3+X50*0.08%*X36*0.3%+X50*0.08%*X37*0.4%,X50*0.08%+X50*0.08%*$M$5+X50*0.08%*X38*0.25%)))) -> 0 | Y51: =SUM(E51:X51) -> 0
B52: ● | C52: Actif | D52: 1-3 Rocta (Deut) (0,08%) | E52: 19 | Y52: =SUM(E52:X52) -> 19
B53: ● | D53: Bonus Deut | E53: =IF($C$52="Inactif",0,IF(E13="Rocta",E52*0.08%+E52*0.08%*$M$4,IF(E13="Humains",E52*0.08%+E52*0.08%*$M$2+E52*0.08%*E35*0.5%,IF(E13="Méca",E52*0.08%+E52*0.08%*$M$3+E52*0.08%*E36*0.3%+E52*0.08%*E37*0.4%,E52*0.08%+E52*0.08%*$M$5+E52*0.08%*E38*0.25%)))) -> 0.01824 | F53: =IF($C$52="Inactif",0,IF(F13="Rocta",F52*0.08%+F52*0.08%*$M$4,IF(F13="Humains",F52*0.08%+F52*0.08%*$M$2+F52*0.08%*F35*0.5%,IF(F13="Méca",F52*0.08%+F52*0.08%*$M$3+F52*0.08%*F36*0.3%+F52*0.08%*F37*0.4%,F52*0.08%+F52*0.08%*$M$5+F52*0.08%*F38*0.25%)))) -> 0 | G53: =IF($C$52="Inactif",0,IF(G13="Rocta",G52*0.08%+G52*0.08%*$M$4,IF(G13="Humains",G52*0.08%+G52*0.08%*$M$2+G52*0.08%*G35*0.5%,IF(G13="Méca",G52*0.08%+G52*0.08%*$M$3+G52*0.08%*G36*0.3%+G52*0.08%*G37*0.4%,G52*0.08%+G52*0.08%*$M$5+G52*0.08%*G38*0.25%)))) -> 0 | H53: =IF($C$52="Inactif",0,IF(H13="Rocta",H52*0.08%+H52*0.08%*$M$4,IF(H13="Humains",H52*0.08%+H52*0.08%*$M$2+H52*0.08%*H35*0.5%,IF(H13="Méca",H52*0.08%+H52*0.08%*$M$3+H52*0.08%*H36*0.3%+H52*0.08%*H37*0.4%,H52*0.08%+H52*0.08%*$M$5+H52*0.08%*H38*0.25%)))) -> 0 | I53: =IF($C$52="Inactif",0,IF(I13="Rocta",I52*0.08%+I52*0.08%*$M$4,IF(I13="Humains",I52*0.08%+I52*0.08%*$M$2+I52*0.08%*I35*0.5%,IF(I13="Méca",I52*0.08%+I52*0.08%*$M$3+I52*0.08%*I36*0.3%+I52*0.08%*I37*0.4%,I52*0.08%+I52*0.08%*$M$5+I52*0.08%*I38*0.25%)))) -> 0 | J53: =IF($C$52="Inactif",0,IF(J13="Rocta",J52*0.08%+J52*0.08%*$M$4,IF(J13="Humains",J52*0.08%+J52*0.08%*$M$2+J52*0.08%*J35*0.5%,IF(J13="Méca",J52*0.08%+J52*0.08%*$M$3+J52*0.08%*J36*0.3%+J52*0.08%*J37*0.4%,J52*0.08%+J52*0.08%*$M$5+J52*0.08%*J38*0.25%)))) -> 0 | K53: =IF($C$52="Inactif",0,IF(K13="Rocta",K52*0.08%+K52*0.08%*$M$4,IF(K13="Humains",K52*0.08%+K52*0.08%*$M$2+K52*0.08%*K35*0.5%,IF(K13="Méca",K52*0.08%+K52*0.08%*$M$3+K52*0.08%*K36*0.3%+K52*0.08%*K37*0.4%,K52*0.08%+K52*0.08%*$M$5+K52*0.08%*K38*0.25%)))) -> 0 | L53: =IF($C$52="Inactif",0,IF(L13="Rocta",L52*0.08%+L52*0.08%*$M$4,IF(L13="Humains",L52*0.08%+L52*0.08%*$M$2+L52*0.08%*L35*0.5%,IF(L13="Méca",L52*0.08%+L52*0.08%*$M$3+L52*0.08%*L36*0.3%+L52*0.08%*L37*0.4%,L52*0.08%+L52*0.08%*$M$5+L52*0.08%*L38*0.25%)))) -> 0 | ... X53: =IF($C$52="Inactif",0,IF(X13="Rocta",X52*0.08%+X52*0.08%*$M$4,IF(X13="Humains",X52*0.08%+X52*0.08%*$M$2+X52*0.08%*X35*0.5%,IF(X13="Méca",X52*0.08%+X52*0.08%*$M$3+X52*0.08%*X36*0.3%+X52*0.08%*X37*0.4%,X52*0.08%+X52*0.08%*$M$5+X52*0.08%*X38*0.25%)))) -> 0 | Y53: =SUM(E53:X53) -> 0.01824
B54: ● | C54: Inactif | D54: 1-5 Rocta (Trio) (0,06%) | E54: 12 | Y54: =SUM(E54:X54) -> 12
B55: ● | D55: Bonus Mét + Cri + Deut | E55: =IF($C$54="Inactif",0,IF(E13="Rocta",E54*0.06%+E54*0.06%*$M$4,IF(E13="Humains",E54*0.06%+E54*0.06%*$M$2+E54*0.06%*E35*0.5%,IF(E13="Méca",E54*0.06%+E54*0.06%*$M$3+E54*0.06%*E36*0.3%+E54*0.06%*E37*0.4%,E54*0.06%+E54*0.06%*$M$5+E54*0.06%*E38*0.25%)))) -> 0 | F55: =IF($C$54="Inactif",0,IF(F13="Rocta",F54*0.06%+F54*0.06%*$M$4,IF(F13="Humains",F54*0.06%+F54*0.06%*$M$2+F54*0.06%*F35*0.5%,IF(F13="Méca",F54*0.06%+F54*0.06%*$M$3+F54*0.06%*F36*0.3%+F54*0.06%*F37*0.4%,F54*0.06%+F54*0.06%*$M$5+F54*0.06%*F38*0.25%)))) -> 0 | G55: =IF($C$54="Inactif",0,IF(G13="Rocta",G54*0.06%+G54*0.06%*$M$4,IF(G13="Humains",G54*0.06%+G54*0.06%*$M$2+G54*0.06%*G35*0.5%,IF(G13="Méca",G54*0.06%+G54*0.06%*$M$3+G54*0.06%*G36*0.3%+G54*0.06%*G37*0.4%,G54*0.06%+G54*0.06%*$M$5+G54*0.06%*G38*0.25%)))) -> 0 | H55: =IF($C$54="Inactif",0,IF(H13="Rocta",H54*0.06%+H54*0.06%*$M$4,IF(H13="Humains",H54*0.06%+H54*0.06%*$M$2+H54*0.06%*H35*0.5%,IF(H13="Méca",H54*0.06%+H54*0.06%*$M$3+H54*0.06%*H36*0.3%+H54*0.06%*H37*0.4%,H54*0.06%+H54*0.06%*$M$5+H54*0.06%*H38*0.25%)))) -> 0 | I55: =IF($C$54="Inactif",0,IF(I13="Rocta",I54*0.06%+I54*0.06%*$M$4,IF(I13="Humains",I54*0.06%+I54*0.06%*$M$2+I54*0.06%*I35*0.5%,IF(I13="Méca",I54*0.06%+I54*0.06%*$M$3+I54*0.06%*I36*0.3%+I54*0.06%*I37*0.4%,I54*0.06%+I54*0.06%*$M$5+I54*0.06%*I38*0.25%)))) -> 0 | J55: =IF($C$54="Inactif",0,IF(J13="Rocta",J54*0.06%+J54*0.06%*$M$4,IF(J13="Humains",J54*0.06%+J54*0.06%*$M$2+J54*0.06%*J35*0.5%,IF(J13="Méca",J54*0.06%+J54*0.06%*$M$3+J54*0.06%*J36*0.3%+J54*0.06%*J37*0.4%,J54*0.06%+J54*0.06%*$M$5+J54*0.06%*J38*0.25%)))) -> 0 | K55: =IF($C$54="Inactif",0,IF(K13="Rocta",K54*0.06%+K54*0.06%*$M$4,IF(K13="Humains",K54*0.06%+K54*0.06%*$M$2+K54*0.06%*K35*0.5%,IF(K13="Méca",K54*0.06%+K54*0.06%*$M$3+K54*0.06%*K36*0.3%+K54*0.06%*K37*0.4%,K54*0.06%+K54*0.06%*$M$5+K54*0.06%*K38*0.25%)))) -> 0 | L55: =IF($C$54="Inactif",0,IF(L13="Rocta",L54*0.06%+L54*0.06%*$M$4,IF(L13="Humains",L54*0.06%+L54*0.06%*$M$2+L54*0.06%*L35*0.5%,IF(L13="Méca",L54*0.06%+L54*0.06%*$M$3+L54*0.06%*L36*0.3%+L54*0.06%*L37*0.4%,L54*0.06%+L54*0.06%*$M$5+L54*0.06%*L38*0.25%)))) -> 0 | ... X55: =IF($C$54="Inactif",0,IF(X13="Rocta",X54*0.06%+X54*0.06%*$M$4,IF(X13="Humains",X54*0.06%+X54*0.06%*$M$2+X54*0.06%*X35*0.5%,IF(X13="Méca",X54*0.06%+X54*0.06%*$M$3+X54*0.06%*X36*0.3%+X54*0.06%*X37*0.4%,X54*0.06%+X54*0.06%*$M$5+X54*0.06%*X38*0.25%)))) -> 0 | Y55: =SUM(E55:X55) -> 0
B56: ● | C56: Actif | D56: 2-1 Rocta (Mét) (0,08%) | E56: 16 | Y56: =SUM(E56:X56) -> 16
B57: ● | D57: Bonus Mét | E57: =IF($C$56="Inactif",0,IF(E13="Rocta",E56*0.08%+E56*0.08%*$M$4,IF(E13="Humains",E56*0.08%+E56*0.08%*$M$2+E56*0.08%*E35*0.5%,IF(E13="Méca",E56*0.08%+E56*0.08%*$M$3+E56*0.08%*E36*0.3%+E56*0.08%*E37*0.4%,E56*0.08%+E56*0.08%*$M$5+E56*0.08%*E38*0.25%)))) -> 0.01536 | F57: =IF($C$56="Inactif",0,IF(F13="Rocta",F56*0.08%+F56*0.08%*$M$4,IF(F13="Humains",F56*0.08%+F56*0.08%*$M$2+F56*0.08%*F35*0.5%,IF(F13="Méca",F56*0.08%+F56*0.08%*$M$3+F56*0.08%*F36*0.3%+F56*0.08%*F37*0.4%,F56*0.08%+F56*0.08%*$M$5+F56*0.08%*F38*0.25%)))) -> 0 | G57: =IF($C$56="Inactif",0,IF(G13="Rocta",G56*0.08%+G56*0.08%*$M$4,IF(G13="Humains",G56*0.08%+G56*0.08%*$M$2+G56*0.08%*G35*0.5%,IF(G13="Méca",G56*0.08%+G56*0.08%*$M$3+G56*0.08%*G36*0.3%+G56*0.08%*G37*0.4%,G56*0.08%+G56*0.08%*$M$5+G56*0.08%*G38*0.25%)))) -> 0 | H57: =IF($C$56="Inactif",0,IF(H13="Rocta",H56*0.08%+H56*0.08%*$M$4,IF(H13="Humains",H56*0.08%+H56*0.08%*$M$2+H56*0.08%*H35*0.5%,IF(H13="Méca",H56*0.08%+H56*0.08%*$M$3+H56*0.08%*H36*0.3%+H56*0.08%*H37*0.4%,H56*0.08%+H56*0.08%*$M$5+H56*0.08%*H38*0.25%)))) -> 0 | I57: =IF($C$56="Inactif",0,IF(I13="Rocta",I56*0.08%+I56*0.08%*$M$4,IF(I13="Humains",I56*0.08%+I56*0.08%*$M$2+I56*0.08%*I35*0.5%,IF(I13="Méca",I56*0.08%+I56*0.08%*$M$3+I56*0.08%*I36*0.3%+I56*0.08%*I37*0.4%,I56*0.08%+I56*0.08%*$M$5+I56*0.08%*I38*0.25%)))) -> 0 | J57: =IF($C$56="Inactif",0,IF(J13="Rocta",J56*0.08%+J56*0.08%*$M$4,IF(J13="Humains",J56*0.08%+J56*0.08%*$M$2+J56*0.08%*J35*0.5%,IF(J13="Méca",J56*0.08%+J56*0.08%*$M$3+J56*0.08%*J36*0.3%+J56*0.08%*J37*0.4%,J56*0.08%+J56*0.08%*$M$5+J56*0.08%*J38*0.25%)))) -> 0 | K57: =IF($C$56="Inactif",0,IF(K13="Rocta",K56*0.08%+K56*0.08%*$M$4,IF(K13="Humains",K56*0.08%+K56*0.08%*$M$2+K56*0.08%*K35*0.5%,IF(K13="Méca",K56*0.08%+K56*0.08%*$M$3+K56*0.08%*K36*0.3%+K56*0.08%*K37*0.4%,K56*0.08%+K56*0.08%*$M$5+K56*0.08%*K38*0.25%)))) -> 0 | L57: =IF($C$56="Inactif",0,IF(L13="Rocta",L56*0.08%+L56*0.08%*$M$4,IF(L13="Humains",L56*0.08%+L56*0.08%*$M$2+L56*0.08%*L35*0.5%,IF(L13="Méca",L56*0.08%+L56*0.08%*$M$3+L56*0.08%*L36*0.3%+L56*0.08%*L37*0.4%,L56*0.08%+L56*0.08%*$M$5+L56*0.08%*L38*0.25%)))) -> 0 | ... X57: =IF($C$56="Inactif",0,IF(X13="Rocta",X56*0.08%+X56*0.08%*$M$4,IF(X13="Humains",X56*0.08%+X56*0.08%*$M$2+X56*0.08%*X35*0.5%,IF(X13="Méca",X56*0.08%+X56*0.08%*$M$3+X56*0.08%*X36*0.3%+X56*0.08%*X37*0.4%,X56*0.08%+X56*0.08%*$M$5+X56*0.08%*X38*0.25%)))) -> 0 | Y57: =SUM(E57:X57) -> 0.01536
B58: ● | C58: Actif | D58: 2-4 Rocta (Mét) (0,08%) | E58: 15 | Y58: =SUM(E58:X58) -> 15
B59: ● | D59: Bonus Mét | E59: =IF($C$58="Inactif",0,IF(E13="Rocta",E58*0.08%+E58*0.08%*$M$4,IF(E13="Humains",E58*0.08%+E58*0.08%*$M$2+E58*0.08%*E35*0.5%,IF(E13="Méca",E58*0.08%+E58*0.08%*$M$3+E58*0.08%*E36*0.3%+E58*0.08%*E37*0.4%,E58*0.08%+E58*0.08%*$M$5+E58*0.08%*E38*0.25%)))) -> 0.0144 | F59: =IF($C$58="Inactif",0,IF(F13="Rocta",F58*0.08%+F58*0.08%*$M$4,IF(F13="Humains",F58*0.08%+F58*0.08%*$M$2+F58*0.08%*F35*0.5%,IF(F13="Méca",F58*0.08%+F58*0.08%*$M$3+F58*0.08%*F36*0.3%+F58*0.08%*F37*0.4%,F58*0.08%+F58*0.08%*$M$5+F58*0.08%*F38*0.25%)))) -> 0 | G59: =IF($C$58="Inactif",0,IF(G13="Rocta",G58*0.08%+G58*0.08%*$M$4,IF(G13="Humains",G58*0.08%+G58*0.08%*$M$2+G58*0.08%*G35*0.5%,IF(G13="Méca",G58*0.08%+G58*0.08%*$M$3+G58*0.08%*G36*0.3%+G58*0.08%*G37*0.4%,G58*0.08%+G58*0.08%*$M$5+G58*0.08%*G38*0.25%)))) -> 0 | H59: =IF($C$58="Inactif",0,IF(H13="Rocta",H58*0.08%+H58*0.08%*$M$4,IF(H13="Humains",H58*0.08%+H58*0.08%*$M$2+H58*0.08%*H35*0.5%,IF(H13="Méca",H58*0.08%+H58*0.08%*$M$3+H58*0.08%*H36*0.3%+H58*0.08%*H37*0.4%,H58*0.08%+H58*0.08%*$M$5+H58*0.08%*H38*0.25%)))) -> 0 | I59: =IF($C$58="Inactif",0,IF(I13="Rocta",I58*0.08%+I58*0.08%*$M$4,IF(I13="Humains",I58*0.08%+I58*0.08%*$M$2+I58*0.08%*I35*0.5%,IF(I13="Méca",I58*0.08%+I58*0.08%*$M$3+I58*0.08%*I36*0.3%+I58*0.08%*I37*0.4%,I58*0.08%+I58*0.08%*$M$5+I58*0.08%*I38*0.25%)))) -> 0 | J59: =IF($C$58="Inactif",0,IF(J13="Rocta",J58*0.08%+J58*0.08%*$M$4,IF(J13="Humains",J58*0.08%+J58*0.08%*$M$2+J58*0.08%*J35*0.5%,IF(J13="Méca",J58*0.08%+J58*0.08%*$M$3+J58*0.08%*J36*0.3%+J58*0.08%*J37*0.4%,J58*0.08%+J58*0.08%*$M$5+J58*0.08%*J38*0.25%)))) -> 0 | K59: =IF($C$58="Inactif",0,IF(K13="Rocta",K58*0.08%+K58*0.08%*$M$4,IF(K13="Humains",K58*0.08%+K58*0.08%*$M$2+K58*0.08%*K35*0.5%,IF(K13="Méca",K58*0.08%+K58*0.08%*$M$3+K58*0.08%*K36*0.3%+K58*0.08%*K37*0.4%,K58*0.08%+K58*0.08%*$M$5+K58*0.08%*K38*0.25%)))) -> 0 | L59: =IF($C$58="Inactif",0,IF(L13="Rocta",L58*0.08%+L58*0.08%*$M$4,IF(L13="Humains",L58*0.08%+L58*0.08%*$M$2+L58*0.08%*L35*0.5%,IF(L13="Méca",L58*0.08%+L58*0.08%*$M$3+L58*0.08%*L36*0.3%+L58*0.08%*L37*0.4%,L58*0.08%+L58*0.08%*$M$5+L58*0.08%*L38*0.25%)))) -> 0 | ... X59: =IF($C$58="Inactif",0,IF(X13="Rocta",X58*0.08%+X58*0.08%*$M$4,IF(X13="Humains",X58*0.08%+X58*0.08%*$M$2+X58*0.08%*X35*0.5%,IF(X13="Méca",X58*0.08%+X58*0.08%*$M$3+X58*0.08%*X36*0.3%+X58*0.08%*X37*0.4%,X58*0.08%+X58*0.08%*$M$5+X58*0.08%*X38*0.25%)))) -> 0 | Y59: =SUM(E59:X59) -> 0.0144
B60: ● | C60: Inactif | D60: 2-5 Rocta (Cri) (0,08%) | E60: 11 | Y60: =SUM(E60:X60) -> 11
B61: ● | D61: Bonus Cri | E61: =IF($C$60="Inactif",0,IF(E13="Rocta",E60*0.08%+E60*0.08%*$M$4,IF(E13="Humains",E60*0.08%+E60*0.08%*$M$2+E60*0.08%*E35*0.5%,IF(E13="Méca",E60*0.08%+E60*0.08%*$M$3+E60*0.08%*E36*0.3%+E60*0.08%*E37*0.4%,E60*0.08%+E60*0.08%*$M$5+E60*0.08%*E38*0.25%)))) -> 0 | F61: =IF($C$60="Inactif",0,IF(F13="Rocta",F60*0.08%+F60*0.08%*$M$4,IF(F13="Humains",F60*0.08%+F60*0.08%*$M$2+F60*0.08%*F35*0.5%,IF(F13="Méca",F60*0.08%+F60*0.08%*$M$3+F60*0.08%*F36*0.3%+F60*0.08%*F37*0.4%,F60*0.08%+F60*0.08%*$M$5+F60*0.08%*F38*0.25%)))) -> 0 | G61: =IF($C$60="Inactif",0,IF(G13="Rocta",G60*0.08%+G60*0.08%*$M$4,IF(G13="Humains",G60*0.08%+G60*0.08%*$M$2+G60*0.08%*G35*0.5%,IF(G13="Méca",G60*0.08%+G60*0.08%*$M$3+G60*0.08%*G36*0.3%+G60*0.08%*G37*0.4%,G60*0.08%+G60*0.08%*$M$5+G60*0.08%*G38*0.25%)))) -> 0 | H61: =IF($C$60="Inactif",0,IF(H13="Rocta",H60*0.08%+H60*0.08%*$M$4,IF(H13="Humains",H60*0.08%+H60*0.08%*$M$2+H60*0.08%*H35*0.5%,IF(H13="Méca",H60*0.08%+H60*0.08%*$M$3+H60*0.08%*H36*0.3%+H60*0.08%*H37*0.4%,H60*0.08%+H60*0.08%*$M$5+H60*0.08%*H38*0.25%)))) -> 0 | I61: =IF($C$60="Inactif",0,IF(I13="Rocta",I60*0.08%+I60*0.08%*$M$4,IF(I13="Humains",I60*0.08%+I60*0.08%*$M$2+I60*0.08%*I35*0.5%,IF(I13="Méca",I60*0.08%+I60*0.08%*$M$3+I60*0.08%*I36*0.3%+I60*0.08%*I37*0.4%,I60*0.08%+I60*0.08%*$M$5+I60*0.08%*I38*0.25%)))) -> 0 | J61: =IF($C$60="Inactif",0,IF(J13="Rocta",J60*0.08%+J60*0.08%*$M$4,IF(J13="Humains",J60*0.08%+J60*0.08%*$M$2+J60*0.08%*J35*0.5%,IF(J13="Méca",J60*0.08%+J60*0.08%*$M$3+J60*0.08%*J36*0.3%+J60*0.08%*J37*0.4%,J60*0.08%+J60*0.08%*$M$5+J60*0.08%*J38*0.25%)))) -> 0 | K61: =IF($C$60="Inactif",0,IF(K13="Rocta",K60*0.08%+K60*0.08%*$M$4,IF(K13="Humains",K60*0.08%+K60*0.08%*$M$2+K60*0.08%*K35*0.5%,IF(K13="Méca",K60*0.08%+K60*0.08%*$M$3+K60*0.08%*K36*0.3%+K60*0.08%*K37*0.4%,K60*0.08%+K60*0.08%*$M$5+K60*0.08%*K38*0.25%)))) -> 0 | L61: =IF($C$60="Inactif",0,IF(L13="Rocta",L60*0.08%+L60*0.08%*$M$4,IF(L13="Humains",L60*0.08%+L60*0.08%*$M$2+L60*0.08%*L35*0.5%,IF(L13="Méca",L60*0.08%+L60*0.08%*$M$3+L60*0.08%*L36*0.3%+L60*0.08%*L37*0.4%,L60*0.08%+L60*0.08%*$M$5+L60*0.08%*L38*0.25%)))) -> 0 | ... X61: =IF($C$60="Inactif",0,IF(X13="Rocta",X60*0.08%+X60*0.08%*$M$4,IF(X13="Humains",X60*0.08%+X60*0.08%*$M$2+X60*0.08%*X35*0.5%,IF(X13="Méca",X60*0.08%+X60*0.08%*$M$3+X60*0.08%*X36*0.3%+X60*0.08%*X37*0.4%,X60*0.08%+X60*0.08%*$M$5+X60*0.08%*X38*0.25%)))) -> 0 | Y61: =SUM(E61:X61) -> 0
B62: ● | C62: Inactif | D62: 2-6 Rocta (Deut) (0,08%) | E62: 0 | Y62: =SUM(E62:X62) -> 0
B63: ● | D63: Bonus Deut | E63: =IF($C$62="Inactif",0,IF(E13="Rocta",E62*0.08%+E62*0.08%*$M$4,IF(E13="Humains",E62*0.08%+E62*0.08%*$M$2+E62*0.08%*E35*0.5%,IF(E13="Méca",E62*0.08%+E62*0.08%*$M$3+E62*0.08%*E36*0.3%+E62*0.08%*E37*0.4%,E62*0.08%+E62*0.08%*$M$5+E62*0.08%*E38*0.25%)))) -> 0 | F63: =IF($C$62="Inactif",0,IF(F13="Rocta",F62*0.08%+F62*0.08%*$M$4,IF(F13="Humains",F62*0.08%+F62*0.08%*$M$2+F62*0.08%*F35*0.5%,IF(F13="Méca",F62*0.08%+F62*0.08%*$M$3+F62*0.08%*F36*0.3%+F62*0.08%*F37*0.4%,F62*0.08%+F62*0.08%*$M$5+F62*0.08%*F38*0.25%)))) -> 0 | G63: =IF($C$62="Inactif",0,IF(G13="Rocta",G62*0.08%+G62*0.08%*$M$4,IF(G13="Humains",G62*0.08%+G62*0.08%*$M$2+G62*0.08%*G35*0.5%,IF(G13="Méca",G62*0.08%+G62*0.08%*$M$3+G62*0.08%*G36*0.3%+G62*0.08%*G37*0.4%,G62*0.08%+G62*0.08%*$M$5+G62*0.08%*G38*0.25%)))) -> 0 | H63: =IF($C$62="Inactif",0,IF(H13="Rocta",H62*0.08%+H62*0.08%*$M$4,IF(H13="Humains",H62*0.08%+H62*0.08%*$M$2+H62*0.08%*H35*0.5%,IF(H13="Méca",H62*0.08%+H62*0.08%*$M$3+H62*0.08%*H36*0.3%+H62*0.08%*H37*0.4%,H62*0.08%+H62*0.08%*$M$5+H62*0.08%*H38*0.25%)))) -> 0 | I63: =IF($C$62="Inactif",0,IF(I13="Rocta",I62*0.08%+I62*0.08%*$M$4,IF(I13="Humains",I62*0.08%+I62*0.08%*$M$2+I62*0.08%*I35*0.5%,IF(I13="Méca",I62*0.08%+I62*0.08%*$M$3+I62*0.08%*I36*0.3%+I62*0.08%*I37*0.4%,I62*0.08%+I62*0.08%*$M$5+I62*0.08%*I38*0.25%)))) -> 0 | J63: =IF($C$62="Inactif",0,IF(J13="Rocta",J62*0.08%+J62*0.08%*$M$4,IF(J13="Humains",J62*0.08%+J62*0.08%*$M$2+J62*0.08%*J35*0.5%,IF(J13="Méca",J62*0.08%+J62*0.08%*$M$3+J62*0.08%*J36*0.3%+J62*0.08%*J37*0.4%,J62*0.08%+J62*0.08%*$M$5+J62*0.08%*J38*0.25%)))) -> 0 | K63: =IF($C$62="Inactif",0,IF(K13="Rocta",K62*0.08%+K62*0.08%*$M$4,IF(K13="Humains",K62*0.08%+K62*0.08%*$M$2+K62*0.08%*K35*0.5%,IF(K13="Méca",K62*0.08%+K62*0.08%*$M$3+K62*0.08%*K36*0.3%+K62*0.08%*K37*0.4%,K62*0.08%+K62*0.08%*$M$5+K62*0.08%*K38*0.25%)))) -> 0 | L63: =IF($C$62="Inactif",0,IF(L13="Rocta",L62*0.08%+L62*0.08%*$M$4,IF(L13="Humains",L62*0.08%+L62*0.08%*$M$2+L62*0.08%*L35*0.5%,IF(L13="Méca",L62*0.08%+L62*0.08%*$M$3+L62*0.08%*L36*0.3%+L62*0.08%*L37*0.4%,L62*0.08%+L62*0.08%*$M$5+L62*0.08%*L38*0.25%)))) -> 0 | ... X63: =IF($C$62="Inactif",0,IF(X13="Rocta",X62*0.08%+X62*0.08%*$M$4,IF(X13="Humains",X62*0.08%+X62*0.08%*$M$2+X62*0.08%*X35*0.5%,IF(X13="Méca",X62*0.08%+X62*0.08%*$M$3+X62*0.08%*X36*0.3%+X62*0.08%*X37*0.4%,X62*0.08%+X62*0.08%*$M$5+X62*0.08%*X38*0.25%)))) -> 0 | Y63: =SUM(E63:X63) -> 0
B64: ● | C64: Actif | D64: 3-6 Rocta (Collec) (0,02%) | E64: 0 | Y64: =SUM(E64:X64) -> 0
B65: ● | D65: Bonus Collecteur | E65: =IF($C$64="Inactif",0,IF(E15="Rocta",E64*0.2%+E64*0.2%*$M$4,IF(E15="Humains",E64*0.2%+E64*0.2%*$M$2+E64*0.2%*E35*0.5%,IF(E15="Méca",E64*0.2%+E64*0.2%*$M$3+E64*0.2%*E36*0.3%+E64*0.2%*E37*0.4%,E64*0.2%+E64*0.2%*$M$5+E64*0.2%*E38*0.25%)))) -> 0 | F65: =IF($C$64="Inactif",0,IF(F15="Rocta",F64*0.2%+F64*0.2%*$M$4,IF(F15="Humains",F64*0.2%+F64*0.2%*$M$2+F64*0.2%*F35*0.5%,IF(F15="Méca",F64*0.2%+F64*0.2%*$M$3+F64*0.2%*F36*0.3%+F64*0.2%*F37*0.4%,F64*0.2%+F64*0.2%*$M$5+F64*0.2%*F38*0.25%)))) -> 0 | G65: =IF($C$64="Inactif",0,IF(G15="Rocta",G64*0.2%+G64*0.2%*$M$4,IF(G15="Humains",G64*0.2%+G64*0.2%*$M$2+G64*0.2%*G35*0.5%,IF(G15="Méca",G64*0.2%+G64*0.2%*$M$3+G64*0.2%*G36*0.3%+G64*0.2%*G37*0.4%,G64*0.2%+G64*0.2%*$M$5+G64*0.2%*G38*0.25%)))) -> 0 | H65: =IF($C$64="Inactif",0,IF(H15="Rocta",H64*0.2%+H64*0.2%*$M$4,IF(H15="Humains",H64*0.2%+H64*0.2%*$M$2+H64*0.2%*H35*0.5%,IF(H15="Méca",H64*0.2%+H64*0.2%*$M$3+H64*0.2%*H36*0.3%+H64*0.2%*H37*0.4%,H64*0.2%+H64*0.2%*$M$5+H64*0.2%*H38*0.25%)))) -> 0 | I65: =IF($C$64="Inactif",0,IF(I15="Rocta",I64*0.2%+I64*0.2%*$M$4,IF(I15="Humains",I64*0.2%+I64*0.2%*$M$2+I64*0.2%*I35*0.5%,IF(I15="Méca",I64*0.2%+I64*0.2%*$M$3+I64*0.2%*I36*0.3%+I64*0.2%*I37*0.4%,I64*0.2%+I64*0.2%*$M$5+I64*0.2%*I38*0.25%)))) -> 0 | J65: =IF($C$64="Inactif",0,IF(J15="Rocta",J64*0.2%+J64*0.2%*$M$4,IF(J15="Humains",J64*0.2%+J64*0.2%*$M$2+J64*0.2%*J35*0.5%,IF(J15="Méca",J64*0.2%+J64*0.2%*$M$3+J64*0.2%*J36*0.3%+J64*0.2%*J37*0.4%,J64*0.2%+J64*0.2%*$M$5+J64*0.2%*J38*0.25%)))) -> 0 | K65: =IF($C$64="Inactif",0,IF(K15="Rocta",K64*0.2%+K64*0.2%*$M$4,IF(K15="Humains",K64*0.2%+K64*0.2%*$M$2+K64*0.2%*K35*0.5%,IF(K15="Méca",K64*0.2%+K64*0.2%*$M$3+K64*0.2%*K36*0.3%+K64*0.2%*K37*0.4%,K64*0.2%+K64*0.2%*$M$5+K64*0.2%*K38*0.25%)))) -> 0 | L65: =IF($C$64="Inactif",0,IF(L15="Rocta",L64*0.2%+L64*0.2%*$M$4,IF(L15="Humains",L64*0.2%+L64*0.2%*$M$2+L64*0.2%*L35*0.5%,IF(L15="Méca",L64*0.2%+L64*0.2%*$M$3+L64*0.2%*L36*0.3%+L64*0.2%*L37*0.4%,L64*0.2%+L64*0.2%*$M$5+L64*0.2%*L38*0.25%)))) -> 0 | ... X65: =IF($C$64="Inactif",0,IF(X15="Rocta",X64*0.2%+X64*0.2%*$M$4,IF(X15="Humains",X64*0.2%+X64*0.2%*$M$2+X64*0.2%*X35*0.5%,IF(X15="Méca",X64*0.2%+X64*0.2%*$M$3+X64*0.2%*X36*0.3%+X64*0.2%*X37*0.4%,X64*0.2%+X64*0.2%*$M$5+X64*0.2%*X38*0.25%)))) -> 0 | Y65: =SUM(E65:X65) -> 0
B66: ● | C66: Inactif | D66: 1-2 Kaelesh (Deut) (0,08%) | E66: 0 | Y66: =SUM(E66:X66) -> 0
B67: ● | D67: Bonus Deut | E67: =IF($C$66="Inactif",0,IF(E13="Rocta",E66*0.08%+E66*0.08%*$M$4,IF(E13="Humains",E66*0.08%+E66*0.08%*$M$2+E66*0.08%*E35*0.5%,IF(E13="Méca",E66*0.08%+E66*0.08%*$M$3+E66*0.08%*E36*0.3%+E66*0.08%*E37*0.4%,E66*0.08%+E66*0.08%*$M$5+E66*0.08%*E38*0.25%)))) -> 0 | F67: =IF($C$66="Inactif",0,IF(F13="Rocta",F66*0.08%+F66*0.08%*$M$4,IF(F13="Humains",F66*0.08%+F66*0.08%*$M$2+F66*0.08%*F35*0.5%,IF(F13="Méca",F66*0.08%+F66*0.08%*$M$3+F66*0.08%*F36*0.3%+F66*0.08%*F37*0.4%,F66*0.08%+F66*0.08%*$M$5+F66*0.08%*F38*0.25%)))) -> 0 | G67: =IF($C$66="Inactif",0,IF(G13="Rocta",G66*0.08%+G66*0.08%*$M$4,IF(G13="Humains",G66*0.08%+G66*0.08%*$M$2+G66*0.08%*G35*0.5%,IF(G13="Méca",G66*0.08%+G66*0.08%*$M$3+G66*0.08%*G36*0.3%+G66*0.08%*G37*0.4%,G66*0.08%+G66*0.08%*$M$5+G66*0.08%*G38*0.25%)))) -> 0 | H67: =IF($C$66="Inactif",0,IF(H13="Rocta",H66*0.08%+H66*0.08%*$M$4,IF(H13="Humains",H66*0.08%+H66*0.08%*$M$2+H66*0.08%*H35*0.5%,IF(H13="Méca",H66*0.08%+H66*0.08%*$M$3+H66*0.08%*H36*0.3%+H66*0.08%*H37*0.4%,H66*0.08%+H66*0.08%*$M$5+H66*0.08%*H38*0.25%)))) -> 0 | I67: =IF($C$66="Inactif",0,IF(I13="Rocta",I66*0.08%+I66*0.08%*$M$4,IF(I13="Humains",I66*0.08%+I66*0.08%*$M$2+I66*0.08%*I35*0.5%,IF(I13="Méca",I66*0.08%+I66*0.08%*$M$3+I66*0.08%*I36*0.3%+I66*0.08%*I37*0.4%,I66*0.08%+I66*0.08%*$M$5+I66*0.08%*I38*0.25%)))) -> 0 | J67: =IF($C$66="Inactif",0,IF(J13="Rocta",J66*0.08%+J66*0.08%*$M$4,IF(J13="Humains",J66*0.08%+J66*0.08%*$M$2+J66*0.08%*J35*0.5%,IF(J13="Méca",J66*0.08%+J66*0.08%*$M$3+J66*0.08%*J36*0.3%+J66*0.08%*J37*0.4%,J66*0.08%+J66*0.08%*$M$5+J66*0.08%*J38*0.25%)))) -> 0 | K67: =IF($C$66="Inactif",0,IF(K13="Rocta",K66*0.08%+K66*0.08%*$M$4,IF(K13="Humains",K66*0.08%+K66*0.08%*$M$2+K66*0.08%*K35*0.5%,IF(K13="Méca",K66*0.08%+K66*0.08%*$M$3+K66*0.08%*K36*0.3%+K66*0.08%*K37*0.4%,K66*0.08%+K66*0.08%*$M$5+K66*0.08%*K38*0.25%)))) -> 0 | L67: =IF($C$66="Inactif",0,IF(L13="Rocta",L66*0.08%+L66*0.08%*$M$4,IF(L13="Humains",L66*0.08%+L66*0.08%*$M$2+L66*0.08%*L35*0.5%,IF(L13="Méca",L66*0.08%+L66*0.08%*$M$3+L66*0.08%*L36*0.3%+L66*0.08%*L37*0.4%,L66*0.08%+L66*0.08%*$M$5+L66*0.08%*L38*0.25%)))) -> 0 | ... X67: =IF($C$66="Inactif",0,IF(X13="Rocta",X66*0.08%+X66*0.08%*$M$4,IF(X13="Humains",X66*0.08%+X66*0.08%*$M$2+X66*0.08%*X35*0.5%,IF(X13="Méca",X66*0.08%+X66*0.08%*$M$3+X66*0.08%*X36*0.3%+X66*0.08%*X37*0.4%,X66*0.08%+X66*0.08%*$M$5+X66*0.08%*X38*0.25%)))) -> 0 | Y67: =SUM(E67:X67) -> 0
B68: ● | C68: Actif | D68: 2-6 Kaelesh (Trio) (0,06%) | E68: 15 | Y68: =SUM(E68:X68) -> 15
B69: ● | D69: Bonus Mét + Cri + Deut | E69: =IF($C$68="Inactif",0,IF(E13="Rocta",E68*0.06%+E68*0.06%*$M$4,IF(E13="Humains",E68*0.06%+E68*0.06%*$M$2+E68*0.06%*E35*0.5%,IF(E13="Méca",E68*0.06%+E68*0.06%*$M$3+E68*0.06%*E36*0.3%+E68*0.06%*E37*0.4%,E68*0.06%+E68*0.06%*$M$5+E68*0.06%*E38*0.25%)))) -> 0.0108 | F69: =IF($C$68="Inactif",0,IF(F13="Rocta",F68*0.06%+F68*0.06%*$M$4,IF(F13="Humains",F68*0.06%+F68*0.06%*$M$2+F68*0.06%*F35*0.5%,IF(F13="Méca",F68*0.06%+F68*0.06%*$M$3+F68*0.06%*F36*0.3%+F68*0.06%*F37*0.4%,F68*0.06%+F68*0.06%*$M$5+F68*0.06%*F38*0.25%)))) -> 0 | G69: =IF($C$68="Inactif",0,IF(G13="Rocta",G68*0.06%+G68*0.06%*$M$4,IF(G13="Humains",G68*0.06%+G68*0.06%*$M$2+G68*0.06%*G35*0.5%,IF(G13="Méca",G68*0.06%+G68*0.06%*$M$3+G68*0.06%*G36*0.3%+G68*0.06%*G37*0.4%,G68*0.06%+G68*0.06%*$M$5+G68*0.06%*G38*0.25%)))) -> 0 | H69: =IF($C$68="Inactif",0,IF(H13="Rocta",H68*0.06%+H68*0.06%*$M$4,IF(H13="Humains",H68*0.06%+H68*0.06%*$M$2+H68*0.06%*H35*0.5%,IF(H13="Méca",H68*0.06%+H68*0.06%*$M$3+H68*0.06%*H36*0.3%+H68*0.06%*H37*0.4%,H68*0.06%+H68*0.06%*$M$5+H68*0.06%*H38*0.25%)))) -> 0 | I69: =IF($C$68="Inactif",0,IF(I13="Rocta",I68*0.06%+I68*0.06%*$M$4,IF(I13="Humains",I68*0.06%+I68*0.06%*$M$2+I68*0.06%*I35*0.5%,IF(I13="Méca",I68*0.06%+I68*0.06%*$M$3+I68*0.06%*I36*0.3%+I68*0.06%*I37*0.4%,I68*0.06%+I68*0.06%*$M$5+I68*0.06%*I38*0.25%)))) -> 0 | J69: =IF($C$68="Inactif",0,IF(J13="Rocta",J68*0.06%+J68*0.06%*$M$4,IF(J13="Humains",J68*0.06%+J68*0.06%*$M$2+J68*0.06%*J35*0.5%,IF(J13="Méca",J68*0.06%+J68*0.06%*$M$3+J68*0.06%*J36*0.3%+J68*0.06%*J37*0.4%,J68*0.06%+J68*0.06%*$M$5+J68*0.06%*J38*0.25%)))) -> 0 | K69: =IF($C$68="Inactif",0,IF(K13="Rocta",K68*0.06%+K68*0.06%*$M$4,IF(K13="Humains",K68*0.06%+K68*0.06%*$M$2+K68*0.06%*K35*0.5%,IF(K13="Méca",K68*0.06%+K68*0.06%*$M$3+K68*0.06%*K36*0.3%+K68*0.06%*K37*0.4%,K68*0.06%+K68*0.06%*$M$5+K68*0.06%*K38*0.25%)))) -> 0 | L69: =IF($C$68="Inactif",0,IF(L13="Rocta",L68*0.06%+L68*0.06%*$M$4,IF(L13="Humains",L68*0.06%+L68*0.06%*$M$2+L68*0.06%*L35*0.5%,IF(L13="Méca",L68*0.06%+L68*0.06%*$M$3+L68*0.06%*L36*0.3%+L68*0.06%*L37*0.4%,L68*0.06%+L68*0.06%*$M$5+L68*0.06%*L38*0.25%)))) -> 0 | ... X69: =IF($C$68="Inactif",0,IF(X13="Rocta",X68*0.06%+X68*0.06%*$M$4,IF(X13="Humains",X68*0.06%+X68*0.06%*$M$2+X68*0.06%*X35*0.5%,IF(X13="Méca",X68*0.06%+X68*0.06%*$M$3+X68*0.06%*X36*0.3%+X68*0.06%*X37*0.4%,X68*0.06%+X68*0.06%*$M$5+X68*0.06%*X38*0.25%)))) -> 0 | Y69: =SUM(E69:X69) -> 0.0108
B71: ● | D71: Bonus Métal Par Planète | E71: =E41+E43+E47+E49+E55+E57+E59+E69 -> 0.08664 | F71: =F41+F43+F47+F49+F55+F57+F59+F69 -> 0 | G71: =G41+G43+G47+G49+G55+G57+G59+G69 -> 0 | H71: =H41+H43+H47+H49+H55+H57+H59+H69 -> 0 | I71: =I41+I43+I47+I49+I55+I57+I59+I69 -> 0 | J71: =J41+J43+J47+J49+J55+J57+J59+J69 -> 0 | K71: =K41+K43+K47+K49+K55+K57+K59+K69 -> 0 | L71: =L41+L43+L47+L49+L55+L57+L59+L69 -> 0 | ... X71: =X41+X43+X47+X49+X55+X57+X59+X69 -> 0 | Y71: =SUM(E71:X71) -> 0.08664 | Z71: M
B72: ● | D72: Bonus Cristal Par Planète | E72: =E41+E43+E47+E49+E51+E55+E61+E69 -> 0.05688 | F72: =F41+F43+F47+F49+F51+F55+F61+F69 -> 0 | G72: =G41+G43+G47+G49+G51+G55+G61+G69 -> 0 | H72: =H41+H43+H47+H49+H51+H55+H61+H69 -> 0 | I72: =I41+I43+I47+I49+I51+I55+I61+I69 -> 0 | J72: =J41+J43+J47+J49+J51+J55+J61+J69 -> 0 | K72: =K41+K43+K47+K49+K51+K55+K61+K69 -> 0 | L72: =L41+L43+L47+L49+L51+L55+L61+L69 -> 0 | ... X72: =X41+X43+X47+X49+X51+X55+X61+X69 -> 0 | Y72: =SUM(E72:X72) -> 0.05688 | Z72: C
B73: ● | D73: Bonus Deut Par Planète | E73: =E41+E43+E45+E47+E49+E53+E55+E63+E67+E69 -> 0.09432 | F73: =F41+F43+F45+F47+F49+F53+F55+F63+F67+F69 -> 0 | G73: =G41+G43+G45+G47+G49+G53+G55+G63+G67+G69 -> 0 | H73: =H41+H43+H45+H47+H49+H53+H55+H63+H67+H69 -> 0 | I73: =I41+I43+I45+I47+I49+I53+I55+I63+I67+I69 -> 0 | J73: =J41+J43+J45+J47+J49+J53+J55+J63+J67+J69 -> 0 | K73: =K41+K43+K45+K47+K49+K53+K55+K63+K67+K69 -> 0 | L73: =L41+L43+L45+L47+L49+L53+L55+L63+L67+L69 -> 0 | ... X73: =X41+X43+X45+X47+X49+X53+X55+X63+X67+X69 -> 0 | Y73: =SUM(E73:X73) -> 0.09432 | Z73: D
B75: Détail Prod
B76: ● | C76: Base | D76: Revenu de départ Métal (/h) | E76: =30*(1+IF(OR(E11=6,E11=10),17%,IF(OR(E11=7,E11=9),23%,IF(E11=8,35%,0))))*$E$2 -> 300 | F76: =30*(1+IF(OR(F11=6,F11=10),17%,IF(OR(F11=7,F11=9),23%,IF(F11=8,35%,0))))*$E$2 -> 300 | G76: =30*(1+IF(OR(G11=6,G11=10),17%,IF(OR(G11=7,G11=9),23%,IF(G11=8,35%,0))))*$E$2 -> 300 | H76: =30*(1+IF(OR(H11=6,H11=10),17%,IF(OR(H11=7,H11=9),23%,IF(H11=8,35%,0))))*$E$2 -> 300 | I76: =30*(1+IF(OR(I11=6,I11=10),17%,IF(OR(I11=7,I11=9),23%,IF(I11=8,35%,0))))*$E$2 -> 300 | J76: =30*(1+IF(OR(J11=6,J11=10),17%,IF(OR(J11=7,J11=9),23%,IF(J11=8,35%,0))))*$E$2 -> 300 | K76: =30*(1+IF(OR(K11=6,K11=10),17%,IF(OR(K11=7,K11=9),23%,IF(K11=8,35%,0))))*$E$2 -> 300 | L76: =30*(1+IF(OR(L11=6,L11=10),17%,IF(OR(L11=7,L11=9),23%,IF(L11=8,35%,0))))*$E$2 -> 300 | ... X76: =30*(1+IF(OR(X11=6,X11=10),17%,IF(OR(X11=7,X11=9),23%,IF(X11=8,35%,0))))*$E$2 -> 300 | Y76: =SUM(E76:X76) -> 6000 | Z76: M
B77: ● | C77: Base | D77: Revenu de départ Cristal (/h) | E77: =15*(1+IF(E11=1,40%,IF(E11=2,30%,IF(E11=3,20%,0))))*$E$2 -> 150 | F77: =15*(1+IF(F11=1,40%,IF(F11=2,30%,IF(F11=3,20%,0))))*$E$2 -> 150 | G77: =15*(1+IF(G11=1,40%,IF(G11=2,30%,IF(G11=3,20%,0))))*$E$2 -> 150 | H77: =15*(1+IF(H11=1,40%,IF(H11=2,30%,IF(H11=3,20%,0))))*$E$2 -> 150 | I77: =15*(1+IF(I11=1,40%,IF(I11=2,30%,IF(I11=3,20%,0))))*$E$2 -> 150 | J77: =15*(1+IF(J11=1,40%,IF(J11=2,30%,IF(J11=3,20%,0))))*$E$2 -> 150 | K77: =15*(1+IF(K11=1,40%,IF(K11=2,30%,IF(K11=3,20%,0))))*$E$2 -> 150 | L77: =15*(1+IF(L11=1,40%,IF(L11=2,30%,IF(L11=3,20%,0))))*$E$2 -> 150 | ... X77: =15*(1+IF(X11=1,40%,IF(X11=2,30%,IF(X11=3,20%,0))))*$E$2 -> 150 | Y77: =SUM(E77:X77) -> 3000 | Z77: C
B78: ● | C78: Base | D78: Prod. Métal (/h) | E78: =E76*E17*1.1^E17 -> 1397048.2 | F78: =F76*F17*1.1^F17 -> 0 | G78: =G76*G17*1.1^G17 -> 0 | H78: =H76*H17*1.1^H17 -> 0 | I78: =I76*I17*1.1^I17 -> 0 | J78: =J76*J17*1.1^J17 -> 0 | K78: =K76*K17*1.1^K17 -> 0 | L78: =L76*L17*1.1^L17 -> 0 | ... X78: =X76*X17*1.1^X17 -> 0 | Y78: =SUM(E78:X78) -> 1397048.2 | Z78: M
B79: ● | C79: Base | D79: Prod. Cristal (/h) | E79: =(20*(1+IF(E11=1,40%,IF(E11=2,30%,IF(E11=3,20%,0))))*$E$2)*E18*1.1^E18 -> 320929.27 | F79: =(20*(1+IF(F11=1,40%,IF(F11=2,30%,IF(F11=3,20%,0))))*$E$2)*F18*1.1^F18 -> 0 | G79: =(20*(1+IF(G11=1,40%,IF(G11=2,30%,IF(G11=3,20%,0))))*$E$2)*G18*1.1^G18 -> 0 | H79: =(20*(1+IF(H11=1,40%,IF(H11=2,30%,IF(H11=3,20%,0))))*$E$2)*H18*1.1^H18 -> 0 | I79: =(20*(1+IF(I11=1,40%,IF(I11=2,30%,IF(I11=3,20%,0))))*$E$2)*I18*1.1^I18 -> 0 | J79: =(20*(1+IF(J11=1,40%,IF(J11=2,30%,IF(J11=3,20%,0))))*$E$2)*J18*1.1^J18 -> 0 | K79: =(20*(1+IF(K11=1,40%,IF(K11=2,30%,IF(K11=3,20%,0))))*$E$2)*K18*1.1^K18 -> 0 | L79: =(20*(1+IF(L11=1,40%,IF(L11=2,30%,IF(L11=3,20%,0))))*$E$2)*L18*1.1^L18 -> 0 | ... X79: =(20*(1+IF(X11=1,40%,IF(X11=2,30%,IF(X11=3,20%,0))))*$E$2)*X18*1.1^X18 -> 0 | Y79: =SUM(E79:X79) -> 320929.27 | Z79: C
B80: ● | C80: Base | D80: Prod. Deut (/h) | E80: =10*E19*1.1^E19*(1.44-0.004*E12)*$E$2 -> 507703.3 | F80: =10*F19*1.1^F19*(1.44-0.004*F12)*$E$2 -> 0 | G80: =10*G19*1.1^G19*(1.44-0.004*G12)*$E$2 -> 0 | H80: =10*H19*1.1^H19*(1.44-0.004*H12)*$E$2 -> 0 | I80: =10*I19*1.1^I19*(1.44-0.004*I12)*$E$2 -> 0 | J80: =10*J19*1.1^J19*(1.44-0.004*J12)*$E$2 -> 0 | K80: =10*K19*1.1^K19*(1.44-0.004*K12)*$E$2 -> 0 | L80: =10*L19*1.1^L19*(1.44-0.004*L12)*$E$2 -> 0 | ... X80: =10*X19*1.1^X19*(1.44-0.004*X12)*$E$2 -> 0 | Y80: =SUM(E80:X80) -> 507703.3 | Z80: D
B81: ● | C81: Base | D81: Conso. Deut (/h) | E81: =ROUNDUP((10 * E20 * 1.1^E20)*$E$2,0) -> 23640 | F81: =ROUNDUP((10 * F20 * 1.1^F20)*$E$2,0) -> 0 | G81: =ROUNDUP((10 * G20 * 1.1^G20)*$E$2,0) -> 0 | H81: =ROUNDUP((10 * H20 * 1.1^H20)*$E$2,0) -> 0 | I81: =ROUNDUP((10 * I20 * 1.1^I20)*$E$2,0) -> 0 | J81: =ROUNDUP((10 * J20 * 1.1^J20)*$E$2,0) -> 0 | K81: =ROUNDUP((10 * K20 * 1.1^K20)*$E$2,0) -> 0 | L81: =ROUNDUP((10 * L20 * 1.1^L20)*$E$2,0) -> 0 | ... X81: =ROUNDUP((10 * X20 * 1.1^X20)*$E$2,0) -> 0 | Y81: =SUM(E81:X81) -> 23640 | Z81: D
B82: ● | C82: Bat FDV | D82: Boost Bat Rocta Mét (/h) | E82: =IF(E13="Rocta",E78*E21*0.02,0) -> 0 | F82: =IF(F13="Rocta",F78*F21*0.02,0) -> 0 | G82: =IF(G13="Rocta",G78*G21*0.02,0) -> 0 | H82: =IF(H13="Rocta",H78*H21*0.02,0) -> 0 | I82: =IF(I13="Rocta",I78*I21*0.02,0) -> 0 | J82: =IF(J13="Rocta",J78*J21*0.02,0) -> 0 | K82: =IF(K13="Rocta",K78*K21*0.02,0) -> 0 | L82: =IF(L13="Rocta",L78*L21*0.02,0) -> 0 | ... X82: =IF(X13="Rocta",X78*X21*0.02,0) -> 0 | Y82: =SUM(E82:X82) -> 0 | Z82: M
B83: ● | C83: Bat FDV | D83: Boost Bat Rocta Cri (/h) | E83: =IF(E13="Rocta",E79*E22*0.02,0) -> 0 | F83: =IF(F13="Rocta",F79*F22*0.02,0) -> 0 | G83: =IF(G13="Rocta",G79*G22*0.02,0) -> 0 | H83: =IF(H13="Rocta",H79*H22*0.02,0) -> 0 | I83: =IF(I13="Rocta",I79*I22*0.02,0) -> 0 | J83: =IF(J13="Rocta",J79*J22*0.02,0) -> 0 | K83: =IF(K13="Rocta",K79*K22*0.02,0) -> 0 | L83: =IF(L13="Rocta",L79*L22*0.02,0) -> 0 | ... X83: =IF(X13="Rocta",X79*X22*0.02,0) -> 0 | Y83: =SUM(E83:X83) -> 0 | Z83: C
B84: ● | C84: Bat FDV | D84: Boost Bat Rocta Deut (/h) | E84: =IF(E13="Rocta",E80*E23*0.02,0) -> 0 | F84: =IF(F13="Rocta",F80*F23*0.02,0) -> 0 | G84: =IF(G13="Rocta",G80*G23*0.02,0) -> 0 | H84: =IF(H13="Rocta",H80*H23*0.02,0) -> 0 | I84: =IF(I13="Rocta",I80*I23*0.02,0) -> 0 | J84: =IF(J13="Rocta",J80*J23*0.02,0) -> 0 | K84: =IF(K13="Rocta",K80*K23*0.02,0) -> 0 | L84: =IF(L13="Rocta",L80*L23*0.02,0) -> 0 | ... X84: =IF(X13="Rocta",X80*X23*0.02,0) -> 0 | Y84: =SUM(E84:X84) -> 0 | Z84: D
B85: ● | C85: Bat FDV | D85: Boost Bat Humains Mét (/h) | E85: =IF(E13="Humains",E78*E24*0.015,0) -> 0 | F85: =IF(F13="Humains",F78*F24*0.015,0) -> 0 | G85: =IF(G13="Humains",G78*G24*0.015,0) -> 0 | H85: =IF(H13="Humains",H78*H24*0.015,0) -> 0 | I85: =IF(I13="Humains",I78*I24*0.015,0) -> 0 | J85: =IF(J13="Humains",J78*J24*0.015,0) -> 0 | K85: =IF(K13="Humains",K78*K24*0.015,0) -> 0 | L85: =IF(L13="Humains",L78*L24*0.015,0) -> 0 | ... X85: =IF(X13="Humains",X78*X24*0.015,0) -> 0 | Y85: =SUM(E85:X85) -> 0 | Z85: M
B86: ● | C86: Bat FDV | D86: Boost Bat Humains Cri (/h) | E86: =IF(E13="Humains",E79*E25*0.015,0) -> 0 | F86: =IF(F13="Humains",F79*F25*0.015,0) -> 0 | G86: =IF(G13="Humains",G79*G25*0.015,0) -> 0 | H86: =IF(H13="Humains",H79*H25*0.015,0) -> 0 | I86: =IF(I13="Humains",I79*I25*0.015,0) -> 0 | J86: =IF(J13="Humains",J79*J25*0.015,0) -> 0 | K86: =IF(K13="Humains",K79*K25*0.015,0) -> 0 | L86: =IF(L13="Humains",L79*L25*0.015,0) -> 0 | ... X86: =IF(X13="Humains",X79*X25*0.015,0) -> 0 | Y86: =SUM(E86:X86) -> 0 | Z86: C
B87: ● | C87: Bat FDV | D87: Boost Bat Humains Deut (/h) | E87: =IF(E13="Humains",E80*E26*0.01,0) -> 0 | F87: =IF(F13="Humains",F80*F26*0.01,0) -> 0 | G87: =IF(G13="Humains",G80*G26*0.01,0) -> 0 | H87: =IF(H13="Humains",H80*H26*0.01,0) -> 0 | I87: =IF(I13="Humains",I80*I26*0.01,0) -> 0 | J87: =IF(J13="Humains",J80*J26*0.01,0) -> 0 | K87: =IF(K13="Humains",K80*K26*0.01,0) -> 0 | L87: =IF(L13="Humains",L80*L26*0.01,0) -> 0 | ... X87: =IF(X13="Humains",X80*X26*0.01,0) -> 0 | Y87: =SUM(E87:X87) -> 0 | Z87: D
B88: ● | C88: Bat FDV | D88: Boost Bat Rocta Deut (/h) | E88: =IF(E13="Méca",E80*E27*0.02,0) -> 152310.99 | F88: =IF(F13="Méca",F80*F27*0.02,0) -> 0 | G88: =IF(G13="Méca",G80*G27*0.02,0) -> 0 | H88: =IF(H13="Méca",H80*H27*0.02,0) -> 0 | I88: =IF(I13="Méca",I80*I27*0.02,0) -> 0 | J88: =IF(J13="Méca",J80*J27*0.02,0) -> 0 | K88: =IF(K13="Méca",K80*K27*0.02,0) -> 0 | L88: =IF(L13="Méca",L80*L27*0.02,0) -> 0 | ... X88: =IF(X13="Méca",X80*X27*0.02,0) -> 0 | Y88: =SUM(E88:X88) -> 152310.99 | Z88: D
B89: ● | C89: Foreuses | D89: Foreuse Métal (/h) | E89: =IF(E3="Collecteur",E78*E14*0.02%*1.5,E78*E14*0.02%) -> 290586.02 | F89: =IF(F3="Collecteur",F78*F14*0.02%*1.5,F78*F14*0.02%) -> 0 | G89: =IF(G3="Collecteur",G78*G14*0.02%*1.5,G78*G14*0.02%) -> 0 | H89: =IF(H3="Collecteur",H78*H14*0.02%*1.5,H78*H14*0.02%) -> 0 | I89: =IF(I3="Collecteur",I78*I14*0.02%*1.5,I78*I14*0.02%) -> 0 | J89: =IF(J3="Collecteur",J78*J14*0.02%*1.5,J78*J14*0.02%) -> 0 | K89: =IF(K3="Collecteur",K78*K14*0.02%*1.5,K78*K14*0.02%) -> 0 | L89: =IF(L3="Collecteur",L78*L14*0.02%*1.5,L78*L14*0.02%) -> 0 | ... X89: =IF(X3="Collecteur",X78*X14*0.02%*1.5,X78*X14*0.02%) -> 0 | Y89: =SUM(E89:X89) -> 290586.02 | Z89: M
B90: ● | C90: Foreuses | D90: Foreuse Cristal (/h) | E90: =IF(E3="Collecteur",E79*E14*0.02%*1.5,E79*E14*0.02%) -> 66753.287 | F90: =IF(F3="Collecteur",F79*F14*0.02%*1.5,F79*F14*0.02%) -> 0 | G90: =IF(G3="Collecteur",G79*G14*0.02%*1.5,G79*G14*0.02%) -> 0 | H90: =IF(H3="Collecteur",H79*H14*0.02%*1.5,H79*H14*0.02%) -> 0 | I90: =IF(I3="Collecteur",I79*I14*0.02%*1.5,I79*I14*0.02%) -> 0 | J90: =IF(J3="Collecteur",J79*J14*0.02%*1.5,J79*J14*0.02%) -> 0 | K90: =IF(K3="Collecteur",K79*K14*0.02%*1.5,K79*K14*0.02%) -> 0 | L90: =IF(L3="Collecteur",L79*L14*0.02%*1.5,L79*L14*0.02%) -> 0 | ... X90: =IF(X3="Collecteur",X79*X14*0.02%*1.5,X79*X14*0.02%) -> 0 | Y90: =SUM(E90:X90) -> 66753.287 | Z90: C
B91: ● | C91: Foreuses | D91: Foreuse Deut (/h) | E91: =IF(E3="Collecteur",E80*E14*0.02%*1.5,E80*E14*0.02%) -> 105602.29 | F91: =IF(F3="Collecteur",F80*F14*0.02%*1.5,F80*F14*0.02%) -> 0 | G91: =IF(G3="Collecteur",G80*G14*0.02%*1.5,G80*G14*0.02%) -> 0 | H91: =IF(H3="Collecteur",H80*H14*0.02%*1.5,H80*H14*0.02%) -> 0 | I91: =IF(I3="Collecteur",I80*I14*0.02%*1.5,I80*I14*0.02%) -> 0 | J91: =IF(J3="Collecteur",J80*J14*0.02%*1.5,J80*J14*0.02%) -> 0 | K91: =IF(K3="Collecteur",K80*K14*0.02%*1.5,K80*K14*0.02%) -> 0 | L91: =IF(L3="Collecteur",L80*L14*0.02%*1.5,L80*L14*0.02%) -> 0 | ... X91: =IF(X3="Collecteur",X80*X14*0.02%*1.5,X80*X14*0.02%) -> 0 | Y91: =SUM(E91:X91) -> 105602.29 | Z91: D
B92: ● | C92: Plasma | D92: Plasma Mét (/h) | E92: =E29*E78*1% -> 321321.08 | F92: =F29*F78*1% -> 0 | G92: =G29*G78*1% -> 0 | H92: =H29*H78*1% -> 0 | I92: =I29*I78*1% -> 0 | J92: =J29*J78*1% -> 0 | K92: =K29*K78*1% -> 0 | L92: =L29*L78*1% -> 0 | ... X92: =X29*X78*1% -> 0 | Y92: =SUM(E92:X92) -> 321321.08 | Z92: M
B93: ● | C93: Plasma | D93: Plasma Cri (/h) | E93: =E29*E79*0.66% -> 48717.063 | F93: =F29*F79*0.66% -> 0 | G93: =G29*G79*0.66% -> 0 | H93: =H29*H79*0.66% -> 0 | I93: =I29*I79*0.66% -> 0 | J93: =J29*J79*0.66% -> 0 | K93: =K29*K79*0.66% -> 0 | L93: =L29*L79*0.66% -> 0 | ... X93: =X29*X79*0.66% -> 0 | Y93: =SUM(E93:X93) -> 48717.063 | Z93: C
B94: ● | C94: Plasma | D94: Plasma Deut (/h) | E94: =E29*E80*0.33% -> 38534.681 | F94: =F29*F80*0.33% -> 0 | G94: =G29*G80*0.33% -> 0 | H94: =H29*H80*0.33% -> 0 | I94: =I29*I80*0.33% -> 0 | J94: =J29*J80*0.33% -> 0 | K94: =K29*K80*0.33% -> 0 | L94: =L29*L80*0.33% -> 0 | ... X94: =X29*X80*0.33% -> 0 | Y94: =SUM(E94:X94) -> 38534.681 | Z94: D
B95: ● | C95: Objets | D95: Objet Mét (/h) | E95: =E78*E31 -> 0 | F95: =F78*F31 -> 0 | G95: =G78*G31 -> 0 | H95: =H78*H31 -> 0 | I95: =I78*I31 -> 0 | J95: =J78*J31 -> 0 | K95: =K78*K31 -> 0 | L95: =L78*L31 -> 0 | ... X95: =X78*X31 -> 0 | Y95: =SUM(E95:X95) -> 0 | Z95: M
B96: ● | C96: Objets | D96: Objet Cri (/h) | E96: =E79*E32 -> 0 | F96: =F79*F32 -> 0 | G96: =G79*G32 -> 0 | H96: =H79*H32 -> 0 | I96: =I79*I32 -> 0 | J96: =J79*J32 -> 0 | K96: =K79*K32 -> 0 | L96: =L79*L32 -> 0 | ... X96: =X79*X32 -> 0 | Y96: =SUM(E96:X96) -> 0 | Z96: C
B97: ● | C97: Objets | D97: Objet Deut (/h) | E97: =E80*E33 -> 203081.32 | F97: =F80*F33 -> 0 | G97: =G80*G33 -> 0 | H97: =H80*H33 -> 0 | I97: =I80*I33 -> 0 | J97: =J80*J33 -> 0 | K97: =K80*K33 -> 0 | L97: =L80*L33 -> 0 | ... X97: =X80*X33 -> 0 | Y97: =SUM(E97:X97) -> 203081.32 | Z97: D
B98: ● | C98: Géologue | D98: Géologue Mét (/h) | E98: =IF($I$2="Oui",E78*0.1,0) -> 139704.82 | F98: =IF($I$2="Oui",F78*0.1,0) -> 0 | G98: =IF($I$2="Oui",G78*0.1,0) -> 0 | H98: =IF($I$2="Oui",H78*0.1,0) -> 0 | I98: =IF($I$2="Oui",I78*0.1,0) -> 0 | J98: =IF($I$2="Oui",J78*0.1,0) -> 0 | K98: =IF($I$2="Oui",K78*0.1,0) -> 0 | L98: =IF($I$2="Oui",L78*0.1,0) -> 0 | ... X98: =IF($I$2="Oui",X78*0.1,0) -> 0 | Y98: =SUM(E98:X98) -> 139704.82 | Z98: M
B99: ● | C99: Géologue | D99: Géologue Cri (/h) | E99: =IF($I$2="Oui",E79*0.1,0) -> 32092.927 | F99: =IF($I$2="Oui",F79*0.1,0) -> 0 | G99: =IF($I$2="Oui",G79*0.1,0) -> 0 | H99: =IF($I$2="Oui",H79*0.1,0) -> 0 | I99: =IF($I$2="Oui",I79*0.1,0) -> 0 | J99: =IF($I$2="Oui",J79*0.1,0) -> 0 | K99: =IF($I$2="Oui",K79*0.1,0) -> 0 | L99: =IF($I$2="Oui",L79*0.1,0) -> 0 | ... X99: =IF($I$2="Oui",X79*0.1,0) -> 0 | Y99: =SUM(E99:X99) -> 32092.927 | Z99: C
B100: ● | C100: Géologue | D100: Géologue Deut (/h) | E100: =IF($I$2="Oui",E80*0.1,0) -> 50770.33 | F100: =IF($I$2="Oui",F80*0.1,0) -> 0 | G100: =IF($I$2="Oui",G80*0.1,0) -> 0 | H100: =IF($I$2="Oui",H80*0.1,0) -> 0 | I100: =IF($I$2="Oui",I80*0.1,0) -> 0 | J100: =IF($I$2="Oui",J80*0.1,0) -> 0 | K100: =IF($I$2="Oui",K80*0.1,0) -> 0 | L100: =IF($I$2="Oui",L80*0.1,0) -> 0 | ... X100: =IF($I$2="Oui",X80*0.1,0) -> 0 | Y100: =SUM(E100:X100) -> 50770.33 | Z100: D
B101: ● | C101: Full Offi | D101: Full Offi Mét (/h) | E101: =IF($I$3="Oui",E78*0.02,0) -> 27940.963 | F101: =IF($I$3="Oui",F78*0.02,0) -> 0 | G101: =IF($I$3="Oui",G78*0.02,0) -> 0 | H101: =IF($I$3="Oui",H78*0.02,0) -> 0 | I101: =IF($I$3="Oui",I78*0.02,0) -> 0 | J101: =IF($I$3="Oui",J78*0.02,0) -> 0 | K101: =IF($I$3="Oui",K78*0.02,0) -> 0 | L101: =IF($I$3="Oui",L78*0.02,0) -> 0 | ... X101: =IF($I$3="Oui",X78*0.02,0) -> 0 | Y101: =SUM(E101:X101) -> 27940.963 | Z101: M
B102: ● | C102: Full Offi | D102: Full Offi Cri (/h) | E102: =IF($I$3="Oui",E79*0.02,0) -> 6418.5853 | F102: =IF($I$3="Oui",F79*0.02,0) -> 0 | G102: =IF($I$3="Oui",G79*0.02,0) -> 0 | H102: =IF($I$3="Oui",H79*0.02,0) -> 0 | I102: =IF($I$3="Oui",I79*0.02,0) -> 0 | J102: =IF($I$3="Oui",J79*0.02,0) -> 0 | K102: =IF($I$3="Oui",K79*0.02,0) -> 0 | L102: =IF($I$3="Oui",L79*0.02,0) -> 0 | ... X102: =IF($I$3="Oui",X79*0.02,0) -> 0 | Y102: =SUM(E102:X102) -> 6418.5853 | Z102: C
B103: ● | C103: Full Offi | D103: Full Offi Deut (/h) | E103: =IF($I$3="Oui",E80*0.02,0) -> 10154.066 | F103: =IF($I$3="Oui",F80*0.02,0) -> 0 | G103: =IF($I$3="Oui",G80*0.02,0) -> 0 | H103: =IF($I$3="Oui",H80*0.02,0) -> 0 | I103: =IF($I$3="Oui",I80*0.02,0) -> 0 | J103: =IF($I$3="Oui",J80*0.02,0) -> 0 | K103: =IF($I$3="Oui",K80*0.02,0) -> 0 | L103: =IF($I$3="Oui",L80*0.02,0) -> 0 | ... X103: =IF($I$3="Oui",X80*0.02,0) -> 0 | Y103: =SUM(E103:X103) -> 10154.066 | Z103: D
B104: ● | C104: Collecteur | D104: Collecteur Mét (/h) | E104: =IF($E$3="Collecteur",E78*0.25*(1+$T$5),0) -> 0 | F104: =IF($E$3="Collecteur",F78*0.25*(1+$T$5),0) -> 0 | G104: =IF($E$3="Collecteur",G78*0.25*(1+$T$5),0) -> 0 | H104: =IF($E$3="Collecteur",H78*0.25*(1+$T$5),0) -> 0 | I104: =IF($E$3="Collecteur",I78*0.25*(1+$T$5),0) -> 0 | J104: =IF($E$3="Collecteur",J78*0.25*(1+$T$5),0) -> 0 | K104: =IF($E$3="Collecteur",K78*0.25*(1+$T$5),0) -> 0 | L104: =IF($E$3="Collecteur",L78*0.25*(1+$T$5),0) -> 0 | ... X104: =IF($E$3="Collecteur",X78*0.25*(1+$T$5),0) -> 0 | Y104: =SUM(E104:X104) -> 0 | Z104: M
B105: ● | C105: Collecteur | D105: Collecteur Cri (/h) | E105: =IF($E$3="Collecteur",E79*0.25*(1+$T$5),0) -> 0 | F105: =IF($E$3="Collecteur",F79*0.25*(1+$T$5),0) -> 0 | G105: =IF($E$3="Collecteur",G79*0.25*(1+$T$5),0) -> 0 | H105: =IF($E$3="Collecteur",H79*0.25*(1+$T$5),0) -> 0 | I105: =IF($E$3="Collecteur",I79*0.25*(1+$T$5),0) -> 0 | J105: =IF($E$3="Collecteur",J79*0.25*(1+$T$5),0) -> 0 | K105: =IF($E$3="Collecteur",K79*0.25*(1+$T$5),0) -> 0 | L105: =IF($E$3="Collecteur",L79*0.25*(1+$T$5),0) -> 0 | ... X105: =IF($E$3="Collecteur",X79*0.25*(1+$T$5),0) -> 0 | Y105: =SUM(E105:X105) -> 0 | Z105: C
B106: ● | C106: Collecteur | D106: Collecteur Deut (/h) | E106: =IF($E$3="Collecteur",E80*0.25*(1+$T$5),0) -> 0 | F106: =IF($E$3="Collecteur",F80*0.25*(1+$T$5),0) -> 0 | G106: =IF($E$3="Collecteur",G80*0.25*(1+$T$5),0) -> 0 | H106: =IF($E$3="Collecteur",H80*0.25*(1+$T$5),0) -> 0 | I106: =IF($E$3="Collecteur",I80*0.25*(1+$T$5),0) -> 0 | J106: =IF($E$3="Collecteur",J80*0.25*(1+$T$5),0) -> 0 | K106: =IF($E$3="Collecteur",K80*0.25*(1+$T$5),0) -> 0 | L106: =IF($E$3="Collecteur",L80*0.25*(1+$T$5),0) -> 0 | ... X106: =IF($E$3="Collecteur",X80*0.25*(1+$T$5),0) -> 0 | Y106: =SUM(E106:X106) -> 0 | Z106: D
B107: ● | C107: Marchand | D107: Marchand Mét (/h) | E107: =IF($I$4="Oui",E78*0.05,0) -> 69852.408 | F107: =IF($I$4="Oui",F78*0.05,0) -> 0 | G107: =IF($I$4="Oui",G78*0.05,0) -> 0 | H107: =IF($I$4="Oui",H78*0.05,0) -> 0 | I107: =IF($I$4="Oui",I78*0.05,0) -> 0 | J107: =IF($I$4="Oui",J78*0.05,0) -> 0 | K107: =IF($I$4="Oui",K78*0.05,0) -> 0 | L107: =IF($I$4="Oui",L78*0.05,0) -> 0 | ... X107: =IF($I$4="Oui",X78*0.05,0) -> 0 | Y107: =SUM(E107:X107) -> 69852.408 | Z107: M
...

Sheet 3. Comparaison
K2: Bonus Humain ● | M2: ='2. Simulation'!M2-'1. Base'!M2 -> 0 | P2: Bonus Métal Global Tech FDV ● | T2: =Y41+Y43+Y47+Y49+Y57+Y59+Y69 -> 0.00722
D3: Classe choisie ● | E3: =IF('2. Simulation'!E3='1. Base'!E3,"RAS","Changement de Classe") -> RAS | K3: Bonus Méca ● | M3: ='2. Simulation'!M3-'1. Base'!M3 -> 0 | P3: Bonus Cristal Global tech FDV ● | T3: =Y41+Y43+Y47+Y49+Y69 -> 0.00474
K4: Bonus Rocta ● | M4: ='2. Simulation'!M4-'1. Base'!M4 -> 0 | P4: Bonus Deut Global Tech FDV ● | T4: =Y41+Y43+Y45+Y47+Y49+Y53+Y69 -> 0.00786
K5: Bonus Kaelesh ● | M5: ='2. Simulation'!M5-'1. Base'!M5 -> 0 | P5: Bonus Collecteur ● | T5: =Y65 -> 0
B6: ● | C6: Remplir la ligne
B7: ● | C7: Ne pas toucher la ligne (formules)
D8: N° de Planète | E8: Planète 1 | F8: Planète 2 | G8: Planète 3 | H8: Planète 4 | I8: Planète 5 | J8: Planète 6 | K8: Planète 7 | L8: Planète 8 | M8: Planète 9 | N8: Planète 10 | O8: Planète 11 | P8: Planète 12 | Q8: Planète 13 | R8: Planète 14 | S8: Planète 15 | T8: Planète 16 | U8: Planète 17 | V8: Planète 18 | W8: Planète 19 | X8: Planète 20 | Y8: Total
B9: ● | C9: Infos de Base | D9: Nom de Planète | E9: ='1. Base'!E9 -> Birgitte | F9: ='1. Base'!F9 -> 0 | G9: ='1. Base'!G9 -> 0 | H9: ='1. Base'!H9 -> 0 | I9: ='1. Base'!I9 -> 0 | J9: ='1. Base'!J9 -> 0 | K9: ='1. Base'!K9 -> 0 | L9: ='1. Base'!L9 -> 0 | ... X9: ='1. Base'!X9 -> 0
B10: ● | D10: Coordonnées de la Planète | E10: ='1. Base'!E10 -> 3:198:15 | F10: ='1. Base'!F10 -> 0 | G10: ='1. Base'!G10 -> 0 | H10: ='1. Base'!H10 -> 0 | I10: ='1. Base'!I10 -> 0 | J10: ='1. Base'!J10 -> 0 | K10: ='1. Base'!K10 -> 0 | L10: ='1. Base'!L10 -> 0 | ... X10: ='1. Base'!X10 -> 0
B11: ● | D11: Position de la Planète | E11: ='1. Base'!E11 -> 15 | F11: ='1. Base'!F11 -> 0 | G11: ='1. Base'!G11 -> 0 | H11: ='1. Base'!H11 -> 0 | I11: ='1. Base'!I11 -> 0 | J11: ='1. Base'!J11 -> 0 | K11: ='1. Base'!K11 -> 0 | L11: ='1. Base'!L11 -> 0 | ... X11: ='1. Base'!X11 -> 0
B12: ● | D12: Température Max
B13: ● | D13: Race Choisie | E13: =IF('2. Simulation'!E13='1. Base'!E13,"RAS","SWITCH") -> SWITCH | F13: =IF('2. Simulation'!F13='1. Base'!F13,"RAS","SWITCH") -> RAS | G13: =IF('2. Simulation'!G13='1. Base'!G13,"RAS","SWITCH") -> RAS | H13: =IF('2. Simulation'!H13='1. Base'!H13,"RAS","SWITCH") -> RAS | I13: =IF('2. Simulation'!I13='1. Base'!I13,"RAS","SWITCH") -> RAS | J13: =IF('2. Simulation'!J13='1. Base'!J13,"RAS","SWITCH") -> RAS | K13: =IF('2. Simulation'!K13='1. Base'!K13,"RAS","SWITCH") -> RAS | L13: =IF('2. Simulation'!L13='1. Base'!L13,"RAS","SWITCH") -> RAS | ... X13: =IF('2. Simulation'!X13='1. Base'!X13,"RAS","SWITCH") -> RAS
B14: ● | D14: Nb Max de foreuses
B15: ● | D15: Alerte Foreuse
B17: ● | C17: Infos Mines & Bats Prod FDV | D17: Mine de Métal | E17: ='2. Simulation'!E17-'1. Base'!E17 -> 0 | F17: ='2. Simulation'!F17-'1. Base'!F17 -> 0 | G17: ='2. Simulation'!G17-'1. Base'!G17 -> 0 | H17: ='2. Simulation'!H17-'1. Base'!H17 -> 0 | I17: ='2. Simulation'!I17-'1. Base'!I17 -> 0 | J17: ='2. Simulation'!J17-'1. Base'!J17 -> 0 | K17: ='2. Simulation'!K17-'1. Base'!K17 -> 0 | L17: ='2. Simulation'!L17-'1. Base'!L17 -> 0 | ... X17: ='2. Simulation'!X17-'1. Base'!X17 -> 0 | Y17: =SUM(E17:X17) -> 0
B18: ● | D18: Mine de Cristal | E18: ='2. Simulation'!E18-'1. Base'!E18 -> 0 | F18: ='2. Simulation'!F18-'1. Base'!F18 -> 0 | G18: ='2. Simulation'!G18-'1. Base'!G18 -> 0 | H18: ='2. Simulation'!H18-'1. Base'!H18 -> 0 | I18: ='2. Simulation'!I18-'1. Base'!I18 -> 0 | J18: ='2. Simulation'!J18-'1. Base'!J18 -> 0 | K18: ='2. Simulation'!K18-'1. Base'!K18 -> 0 | L18: ='2. Simulation'!L18-'1. Base'!L18 -> 0 | ... X18: ='2. Simulation'!X18-'1. Base'!X18 -> 0 | Y18: =SUM(E18:X18) -> 0
B19: ● | D19: Mine de Deut | E19: ='2. Simulation'!E19-'1. Base'!E19 -> 0 | F19: ='2. Simulation'!F19-'1. Base'!F19 -> 0 | G19: ='2. Simulation'!G19-'1. Base'!G19 -> 0 | H19: ='2. Simulation'!H19-'1. Base'!H19 -> 0 | I19: ='2. Simulation'!I19-'1. Base'!I19 -> 0 | J19: ='2. Simulation'!J19-'1. Base'!J19 -> 0 | K19: ='2. Simulation'!K19-'1. Base'!K19 -> 0 | L19: ='2. Simulation'!L19-'1. Base'!L19 -> 0 | ... X19: ='2. Simulation'!X19-'1. Base'!X19 -> 0 | Y19: =SUM(E19:X19) -> 0
B20: ● | D20: Centrale Fusion | E20: ='2. Simulation'!E20-'1. Base'!E20 -> 0 | F20: ='2. Simulation'!F20-'1. Base'!F20 -> 0 | G20: ='2. Simulation'!G20-'1. Base'!G20 -> 0 | H20: ='2. Simulation'!H20-'1. Base'!H20 -> 0 | I20: ='2. Simulation'!I20-'1. Base'!I20 -> 0 | J20: ='2. Simulation'!J20-'1. Base'!J20 -> 0 | K20: ='2. Simulation'!K20-'1. Base'!K20 -> 0 | L20: ='2. Simulation'!L20-'1. Base'!L20 -> 0 | ... X20: ='2. Simulation'!X20-'1. Base'!X20 -> 0 | Y20: =SUM(E20:X20) -> 0
B21: ● | D21: Fusion Magmatique (Rocta) (Mét 2%) | E21: ='2. Simulation'!E21-'1. Base'!E21 -> 0 | F21: ='2. Simulation'!F21-'1. Base'!F21 -> 0 | G21: ='2. Simulation'!G21-'1. Base'!G21 -> 0 | H21: ='2. Simulation'!H21-'1. Base'!H21 -> 0 | I21: ='2. Simulation'!I21-'1. Base'!I21 -> 0 | J21: ='2. Simulation'!J21-'1. Base'!J21 -> 0 | K21: ='2. Simulation'!K21-'1. Base'!K21 -> 0 | L21: ='2. Simulation'!L21-'1. Base'!L21 -> 0 | ... X21: ='2. Simulation'!X21-'1. Base'!X21 -> 0 | Y21: =SUM(E21:X21) -> 0
B22: ● | D22: Raffinerie de Cristaux (Rocta) (Cri 2%) | E22: ='2. Simulation'!E22-'1. Base'!E22 -> 0 | F22: ='2. Simulation'!F22-'1. Base'!F22 -> 0 | G22: ='2. Simulation'!G22-'1. Base'!G22 -> 0 | H22: ='2. Simulation'!H22-'1. Base'!H22 -> 0 | I22: ='2. Simulation'!I22-'1. Base'!I22 -> 0 | J22: ='2. Simulation'!J22-'1. Base'!J22 -> 0 | K22: ='2. Simulation'!K22-'1. Base'!K22 -> 0 | L22: ='2. Simulation'!L22-'1. Base'!L22 -> 0 | ... X22: ='2. Simulation'!X22-'1. Base'!X22 -> 0 | Y22: =SUM(E22:X22) -> 0
B23: ● | D23: Synto de Deut (Rocta) (Deut 2%) | E23: ='2. Simulation'!E23-'1. Base'!E23 -> 0 | F23: ='2. Simulation'!F23-'1. Base'!F23 -> 0 | G23: ='2. Simulation'!G23-'1. Base'!G23 -> 0 | H23: ='2. Simulation'!H23-'1. Base'!H23 -> 0 | I23: ='2. Simulation'!I23-'1. Base'!I23 -> 0 | J23: ='2. Simulation'!J23-'1. Base'!J23 -> 0 | K23: ='2. Simulation'!K23-'1. Base'!K23 -> 0 | L23: ='2. Simulation'!L23-'1. Base'!L23 -> 0 | ... X23: ='2. Simulation'!X23-'1. Base'!X23 -> 0 | Y23: =SUM(E23:X23) -> 0
B24: ● | D24: Fusion à haute énergie (Humains) (Mét 1,5%) | E24: ='2. Simulation'!E24-'1. Base'!E24 -> 0 | F24: ='2. Simulation'!F24-'1. Base'!F24 -> 0 | G24: ='2. Simulation'!G24-'1. Base'!G24 -> 0 | H24: ='2. Simulation'!H24-'1. Base'!H24 -> 0 | I24: ='2. Simulation'!I24-'1. Base'!I24 -> 0 | J24: ='2. Simulation'!J24-'1. Base'!J24 -> 0 | K24: ='2. Simulation'!K24-'1. Base'!K24 -> 0 | L24: ='2. Simulation'!L24-'1. Base'!L24 -> 0 | ... X24: ='2. Simulation'!X24-'1. Base'!X24 -> 0 | Y24: =SUM(E24:X24) -> 0
B25: ● | D25: Extraction par fusion (Humains) (Cri 1,5%) | E25: ='2. Simulation'!E25-'1. Base'!E25 -> 0 | F25: ='2. Simulation'!F25-'1. Base'!F25 -> 0 | G25: ='2. Simulation'!G25-'1. Base'!G25 -> 0 | H25: ='2. Simulation'!H25-'1. Base'!H25 -> 0 | I25: ='2. Simulation'!I25-'1. Base'!I25 -> 0 | J25: ='2. Simulation'!J25-'1. Base'!J25 -> 0 | K25: ='2. Simulation'!K25-'1. Base'!K25 -> 0 | L25: ='2. Simulation'!L25-'1. Base'!L25 -> 0 | ... X25: ='2. Simulation'!X25-'1. Base'!X25 -> 0 | Y25: =SUM(E25:X25) -> 0
B26: ● | D26: Extraction par fusion (Humains) (Deut 1%) | E26: ='2. Simulation'!E26-'1. Base'!E26 -> 0 | F26: ='2. Simulation'!F26-'1. Base'!F26 -> 0 | G26: ='2. Simulation'!G26-'1. Base'!G26 -> 0 | H26: ='2. Simulation'!H26-'1. Base'!H26 -> 0 | I26: ='2. Simulation'!I26-'1. Base'!I26 -> 0 | J26: ='2. Simulation'!J26-'1. Base'!J26 -> 0 | K26: ='2. Simulation'!K26-'1. Base'!K26 -> 0 | L26: ='2. Simulation'!L26-'1. Base'!L26 -> 0 | ... X26: ='2. Simulation'!X26-'1. Base'!X26 -> 0 | Y26: =SUM(E26:X26) -> 0
B27: ● | D27: Synthétiseur à haut rendement (Méca) (Deut 2%) | E27: ='2. Simulation'!E27-'1. Base'!E27 -> 15 | F27: ='2. Simulation'!F27-'1. Base'!F27 -> 0 | G27: ='2. Simulation'!G27-'1. Base'!G27 -> 0 | H27: ='2. Simulation'!H27-'1. Base'!H27 -> 0 | I27: ='2. Simulation'!I27-'1. Base'!I27 -> 0 | J27: ='2. Simulation'!J27-'1. Base'!J27 -> 0 | K27: ='2. Simulation'!K27-'1. Base'!K27 -> 0 | L27: ='2. Simulation'!L27-'1. Base'!L27 -> 0 | ... X27: ='2. Simulation'!X27-'1. Base'!X27 -> 0 | Y27: =SUM(E27:X27) -> 15
B28: ● | D28: Nombre de Foreuses | E28: ='2. Simulation'!E28-'1. Base'!E28 -> 0 | F28: ='2. Simulation'!F28-'1. Base'!F28 -> 0 | G28: ='2. Simulation'!G28-'1. Base'!G28 -> 0 | H28: ='2. Simulation'!H28-'1. Base'!H28 -> 0 | I28: ='2. Simulation'!I28-'1. Base'!I28 -> 0 | J28: ='2. Simulation'!J28-'1. Base'!J28 -> 0 | K28: ='2. Simulation'!K28-'1. Base'!K28 -> 0 | L28: ='2. Simulation'!L28-'1. Base'!L28 -> 0 | ... X28: ='2. Simulation'!X28-'1. Base'!X28 -> 0 | Y28: =SUM(E28:X28) -> 0
B29: ● | D29: Tech Plasma | E29: ='2. Simulation'!E29-'1. Base'!E29 -> 0 | F29: ='2. Simulation'!F29-'1. Base'!F29 -> 0 | G29: ='2. Simulation'!G29-'1. Base'!G29 -> 0 | H29: ='2. Simulation'!H29-'1. Base'!H29 -> 0 | I29: ='2. Simulation'!I29-'1. Base'!I29 -> 0 | J29: ='2. Simulation'!J29-'1. Base'!J29 -> 0 | K29: ='2. Simulation'!K29-'1. Base'!K29 -> 0 | L29: ='2. Simulation'!L29-'1. Base'!L29 -> 0 | ... X29: ='2. Simulation'!X29-'1. Base'!X29 -> 0 | Y29: =AVERAGE(E29:X29) -> 0
B31: ● | C31: Objets | D31: % Bonus Objet Mét | E31: ='2. Simulation'!E31-'1. Base'!E31 -> 0 | F31: ='2. Simulation'!F31-'1. Base'!F31 -> 0 | G31: ='2. Simulation'!G31-'1. Base'!G31 -> 0 | H31: ='2. Simulation'!H31-'1. Base'!H31 -> 0 | I31: ='2. Simulation'!I31-'1. Base'!I31 -> 0 | J31: ='2. Simulation'!J31-'1. Base'!J31 -> 0 | K31: ='2. Simulation'!K31-'1. Base'!K31 -> 0 | L31: ='2. Simulation'!L31-'1. Base'!L31 -> 0 | ... X31: ='2. Simulation'!X31-'1. Base'!X31 -> 0
B32: ● | D32: % Bonus Objet Cri | E32: ='2. Simulation'!E32-'1. Base'!E32 -> 0 | F32: ='2. Simulation'!F32-'1. Base'!F32 -> 0 | G32: ='2. Simulation'!G32-'1. Base'!G32 -> 0 | H32: ='2. Simulation'!H32-'1. Base'!H32 -> 0 | I32: ='2. Simulation'!I32-'1. Base'!I32 -> 0 | J32: ='2. Simulation'!J32-'1. Base'!J32 -> 0 | K32: ='2. Simulation'!K32-'1. Base'!K32 -> 0 | L32: ='2. Simulation'!L32-'1. Base'!L32 -> 0 | ... X32: ='2. Simulation'!X32-'1. Base'!X32 -> 0
B33: ● | D33: % Bonus Objet Deut | E33: ='2. Simulation'!E33-'1. Base'!E33 -> 0 | F33: ='2. Simulation'!F33-'1. Base'!F33 -> 0 | G33: ='2. Simulation'!G33-'1. Base'!G33 -> 0 | H33: ='2. Simulation'!H33-'1. Base'!H33 -> 0 | I33: ='2. Simulation'!I33-'1. Base'!I33 -> 0 | J33: ='2. Simulation'!J33-'1. Base'!J33 -> 0 | K33: ='2. Simulation'!K33-'1. Base'!K33 -> 0 | L33: ='2. Simulation'!L33-'1. Base'!L33 -> 0 | ... X33: ='2. Simulation'!X33-'1. Base'!X33 -> 0
B35: ● | C35: Bat Boost Tech FDV | D35: Métro (Humain) (0,5%) | E35: ='2. Simulation'!E35-'1. Base'!E35 -> 0 | F35: ='2. Simulation'!F35-'1. Base'!F35 -> 0 | G35: ='2. Simulation'!G35-'1. Base'!G35 -> 0 | H35: ='2. Simulation'!H35-'1. Base'!H35 -> 0 | I35: ='2. Simulation'!I35-'1. Base'!I35 -> 0 | J35: ='2. Simulation'!J35-'1. Base'!J35 -> 0 | K35: ='2. Simulation'!K35-'1. Base'!K35 -> 0 | L35: ='2. Simulation'!L35-'1. Base'!L35 -> 0 | ... X35: ='2. Simulation'!X35-'1. Base'!X35 -> 0 | Y35: =SUM(E35:X35) -> 0
B36: ● | D36: Transfo Hyper (Méca) (0,3%) | E36: ='2. Simulation'!E36-'1. Base'!E36 -> 17 | F36: ='2. Simulation'!F36-'1. Base'!F36 -> 0 | G36: ='2. Simulation'!G36-'1. Base'!G36 -> 0 | H36: ='2. Simulation'!H36-'1. Base'!H36 -> 0 | I36: ='2. Simulation'!I36-'1. Base'!I36 -> 0 | J36: ='2. Simulation'!J36-'1. Base'!J36 -> 0 | K36: ='2. Simulation'!K36-'1. Base'!K36 -> 0 | L36: ='2. Simulation'!L36-'1. Base'!L36 -> 0 | ... X36: ='2. Simulation'!X36-'1. Base'!X36 -> 0 | Y36: =SUM(E36:X36) -> 17
B37: ● | D37: Prod de Puces (Méca) (0,4%) | E37: ='2. Simulation'!E37-'1. Base'!E37 -> 13 | F37: ='2. Simulation'!F37-'1. Base'!F37 -> 0 | G37: ='2. Simulation'!G37-'1. Base'!G37 -> 0 | H37: ='2. Simulation'!H37-'1. Base'!H37 -> 0 | I37: ='2. Simulation'!I37-'1. Base'!I37 -> 0 | J37: ='2. Simulation'!J37-'1. Base'!J37 -> 0 | K37: ='2. Simulation'!K37-'1. Base'!K37 -> 0 | L37: ='2. Simulation'!L37-'1. Base'!L37 -> 0 | ... X37: ='2. Simulation'!X37-'1. Base'!X37 -> 0 | Y37: =SUM(E37:X37) -> 13
B38: ● | D38: Labo de Clonage (Kaelesh) (0,25%) | E38: ='2. Simulation'!E38-'1. Base'!E38 -> 0 | F38: ='2. Simulation'!F38-'1. Base'!F38 -> 0 | G38: ='2. Simulation'!G38-'1. Base'!G38 -> 0 | H38: ='2. Simulation'!H38-'1. Base'!H38 -> 0 | I38: ='2. Simulation'!I38-'1. Base'!I38 -> 0 | J38: ='2. Simulation'!J38-'1. Base'!J38 -> 0 | K38: ='2. Simulation'!K38-'1. Base'!K38 -> 0 | L38: ='2. Simulation'!L38-'1. Base'!L38 -> 0 | ... X38: ='2. Simulation'!X38-'1. Base'!X38 -> 0 | Y38: =SUM(E38:X38) -> 0
B40: ● | C40: =IF('2. Simulation'!C40='1. Base'!C40,"RAS","SWITCH") -> RAS | D40: 1-2 Humain (Trio) (0,06%) | E40: ='2. Simulation'!E40-'1. Base'!E40 -> 0 | F40: ='2. Simulation'!F40-'1. Base'!F40 -> 0 | G40: ='2. Simulation'!G40-'1. Base'!G40 -> 0 | H40: ='2. Simulation'!H40-'1. Base'!H40 -> 0 | I40: ='2. Simulation'!I40-'1. Base'!I40 -> 0 | J40: ='2. Simulation'!J40-'1. Base'!J40 -> 0 | K40: ='2. Simulation'!K40-'1. Base'!K40 -> 0 | L40: ='2. Simulation'!L40-'1. Base'!L40 -> 0 | ... X40: ='2. Simulation'!X40-'1. Base'!X40 -> 0 | Y40: =SUM(E40:X40) -> 0
B41: ● | D41: Bonus Mét + Cri + Deut | E41: ='2. Simulation'!E41-'1. Base'!E41 -> 0.00114 | F41: ='2. Simulation'!F41-'1. Base'!F41 -> 0 | G41: ='2. Simulation'!G41-'1. Base'!G41 -> 0 | H41: ='2. Simulation'!H41-'1. Base'!H41 -> 0 | I41: ='2. Simulation'!I41-'1. Base'!I41 -> 0 | J41: ='2. Simulation'!J41-'1. Base'!J41 -> 0 | K41: ='2. Simulation'!K41-'1. Base'!K41 -> 0 | L41: ='2. Simulation'!L41-'1. Base'!L41 -> 0 | ... X41: ='2. Simulation'!X41-'1. Base'!X41 -> 0 | Y41: =SUM(E41:U41) -> 0.00114
B42: ● | C42: =IF('2. Simulation'!C42='1. Base'!C42,"RAS","SWITCH") -> RAS | D42: 2-2 Humain (Trio) (0,06%) | E42: ='2. Simulation'!E42-'1. Base'!E42 -> 0 | F42: ='2. Simulation'!F42-'1. Base'!F42 -> 0 | G42: ='2. Simulation'!G42-'1. Base'!G42 -> 0 | H42: ='2. Simulation'!H42-'1. Base'!H42 -> 0 | I42: ='2. Simulation'!I42-'1. Base'!I42 -> 0 | J42: ='2. Simulation'!J42-'1. Base'!J42 -> 0 | K42: ='2. Simulation'!K42-'1. Base'!K42 -> 0 | L42: ='2. Simulation'!L42-'1. Base'!L42 -> 0 | ... X42: ='2. Simulation'!X42-'1. Base'!X42 -> 0 | Y42: =SUM(E42:X42) -> 0
B43: ● | D43: Bonus Mét + Cri + Deut | E43: ='2. Simulation'!E43-'1. Base'!E43 -> 0.00096 | F43: ='2. Simulation'!F43-'1. Base'!F43 -> 0 | G43: ='2. Simulation'!G43-'1. Base'!G43 -> 0 | H43: ='2. Simulation'!H43-'1. Base'!H43 -> 0 | I43: ='2. Simulation'!I43-'1. Base'!I43 -> 0 | J43: ='2. Simulation'!J43-'1. Base'!J43 -> 0 | K43: ='2. Simulation'!K43-'1. Base'!K43 -> 0 | L43: ='2. Simulation'!L43-'1. Base'!L43 -> 0 | ... X43: ='2. Simulation'!X43-'1. Base'!X43 -> 0 | Y43: =SUM(E43:U43) -> 0.00096
B44: ● | C44: =IF('2. Simulation'!C44='1. Base'!C44,"RAS","SWITCH") -> RAS | D44: 1-1 Méca (Deut) (0,08%) | E44: ='2. Simulation'!E44-'1. Base'!E44 -> 0 | F44: ='2. Simulation'!F44-'1. Base'!F44 -> 0 | G44: ='2. Simulation'!G44-'1. Base'!G44 -> 0 | H44: ='2. Simulation'!H44-'1. Base'!H44 -> 0 | I44: ='2. Simulation'!I44-'1. Base'!I44 -> 0 | J44: ='2. Simulation'!J44-'1. Base'!J44 -> 0 | K44: ='2. Simulation'!K44-'1. Base'!K44 -> 0 | L44: ='2. Simulation'!L44-'1. Base'!L44 -> 0 | ... X44: ='2. Simulation'!X44-'1. Base'!X44 -> 0 | Y44: =SUM(E44:X44) -> 0
B45: ● | D45: Bonus Deut | E45: ='2. Simulation'!E45-'1. Base'!E45 -> 0.0016 | F45: ='2. Simulation'!F45-'1. Base'!F45 -> 0 | G45: ='2. Simulation'!G45-'1. Base'!G45 -> 0 | H45: ='2. Simulation'!H45-'1. Base'!H45 -> 0 | I45: ='2. Simulation'!I45-'1. Base'!I45 -> 0 | J45: ='2. Simulation'!J45-'1. Base'!J45 -> 0 | K45: ='2. Simulation'!K45-'1. Base'!K45 -> 0 | L45: ='2. Simulation'!L45-'1. Base'!L45 -> 0 | ... X45: ='2. Simulation'!X45-'1. Base'!X45 -> 0 | Y45: =SUM(E45:U45) -> 0.0016
B46: ● | C46: =IF('2. Simulation'!C46='1. Base'!C46,"RAS","SWITCH") -> RAS | D46: 1-6 Méca (Trio) (0,06%) | E46: ='2. Simulation'!E46-'1. Base'!E46 -> 0 | F46: ='2. Simulation'!F46-'1. Base'!F46 -> 0 | G46: ='2. Simulation'!G46-'1. Base'!G46 -> 0 | H46: ='2. Simulation'!H46-'1. Base'!H46 -> 0 | I46: ='2. Simulation'!I46-'1. Base'!I46 -> 0 | J46: ='2. Simulation'!J46-'1. Base'!J46 -> 0 | K46: ='2. Simulation'!K46-'1. Base'!K46 -> 0 | L46: ='2. Simulation'!L46-'1. Base'!L46 -> 0 | ... X46: ='2. Simulation'!X46-'1. Base'!X46 -> 0 | Y46: =SUM(E46:X46) -> 0
B47: ● | D47: Bonus Mét + Cri + Deut | E47: ='2. Simulation'!E47-'1. Base'!E47 -> 0.00096 | F47: ='2. Simulation'!F47-'1. Base'!F47 -> 0 | G47: ='2. Simulation'!G47-'1. Base'!G47 -> 0 | H47: ='2. Simulation'!H47-'1. Base'!H47 -> 0 | I47: ='2. Simulation'!I47-'1. Base'!I47 -> 0 | J47: ='2. Simulation'!J47-'1. Base'!J47 -> 0 | K47: ='2. Simulation'!K47-'1. Base'!K47 -> 0 | L47: ='2. Simulation'!L47-'1. Base'!L47 -> 0 | ... X47: ='2. Simulation'!X47-'1. Base'!X47 -> 0 | Y47: =SUM(E47:U47) -> 0.00096
B48: ● | C48: =IF('2. Simulation'!C48='1. Base'!C48,"RAS","SWITCH") -> RAS | D48: 3-1 Méca (Trio) (0,06%) | E48: ='2. Simulation'!E48-'1. Base'!E48 -> 0 | F48: ='2. Simulation'!F48-'1. Base'!F48 -> 0 | G48: ='2. Simulation'!G48-'1. Base'!G48 -> 0 | H48: ='2. Simulation'!H48-'1. Base'!H48 -> 0 | I48: ='2. Simulation'!I48-'1. Base'!I48 -> 0 | J48: ='2. Simulation'!J48-'1. Base'!J48 -> 0 | K48: ='2. Simulation'!K48-'1. Base'!K48 -> 0 | L48: ='2. Simulation'!L48-'1. Base'!L48 -> 0 | ... X48: ='2. Simulation'!X48-'1. Base'!X48 -> 0 | Y48: =SUM(E48:X48) -> 0
B49: ● | D49: Bonus Mét + Cri + Deut | E49: ='2. Simulation'!E49-'1. Base'!E49 -> 0.00078 | F49: ='2. Simulation'!F49-'1. Base'!F49 -> 0 | G49: ='2. Simulation'!G49-'1. Base'!G49 -> 0 | H49: ='2. Simulation'!H49-'1. Base'!H49 -> 0 | I49: ='2. Simulation'!I49-'1. Base'!I49 -> 0 | J49: ='2. Simulation'!J49-'1. Base'!J49 -> 0 | K49: ='2. Simulation'!K49-'1. Base'!K49 -> 0 | L49: ='2. Simulation'!L49-'1. Base'!L49 -> 0 | ... X49: ='2. Simulation'!X49-'1. Base'!X49 -> 0 | Y49: =SUM(E49:U49) -> 0.00078
B50: ● | C50: =IF('2. Simulation'!C50='1. Base'!C50,"RAS","SWITCH") -> RAS | D50: 1-2 Rocta (Cri) (0,08%) | E50: ='2. Simulation'!E50-'1. Base'!E50 -> 0 | F50: ='2. Simulation'!F50-'1. Base'!F50 -> 0 | G50: ='2. Simulation'!G50-'1. Base'!G50 -> 0 | H50: ='2. Simulation'!H50-'1. Base'!H50 -> 0 | I50: ='2. Simulation'!I50-'1. Base'!I50 -> 0 | J50: ='2. Simulation'!J50-'1. Base'!J50 -> 0 | K50: ='2. Simulation'!K50-'1. Base'!K50 -> 0 | L50: ='2. Simulation'!L50-'1. Base'!L50 -> 0 | ... X50: ='2. Simulation'!X50-'1. Base'!X50 -> 0 | Y50: =SUM(E50:X50) -> 0
B51: ● | D51: Bonus Cri | E51: ='2. Simulation'!E51-'1. Base'!E51 -> 0 | F51: ='2. Simulation'!F51-'1. Base'!F51 -> 0 | G51: ='2. Simulation'!G51-'1. Base'!G51 -> 0 | H51: ='2. Simulation'!H51-'1. Base'!H51 -> 0 | I51: ='2. Simulation'!I51-'1. Base'!I51 -> 0 | J51: ='2. Simulation'!J51-'1. Base'!J51 -> 0 | K51: ='2. Simulation'!K51-'1. Base'!K51 -> 0 | L51: ='2. Simulation'!L51-'1. Base'!L51 -> 0 | ... X51: ='2. Simulation'!X51-'1. Base'!X51 -> 0 | Y51: =SUM(E51:U51) -> 0
B52: ● | C52: =IF('2. Simulation'!C52='1. Base'!C52,"RAS","SWITCH") -> RAS | D52: 1-3 Rocta (Deut) (0,08%) | E52: ='2. Simulation'!E52-'1. Base'!E52 -> 0 | F52: ='2. Simulation'!F52-'1. Base'!F52 -> 0 | G52: ='2. Simulation'!G52-'1. Base'!G52 -> 0 | H52: ='2. Simulation'!H52-'1. Base'!H52 -> 0 | I52: ='2. Simulation'!I52-'1. Base'!I52 -> 0 | J52: ='2. Simulation'!J52-'1. Base'!J52 -> 0 | K52: ='2. Simulation'!K52-'1. Base'!K52 -> 0 | L52: ='2. Simulation'!L52-'1. Base'!L52 -> 0 | ... X52: ='2. Simulation'!X52-'1. Base'!X52 -> 0 | Y52: =SUM(E52:X52) -> 0
B53: ● | D53: Bonus Deut | E53: ='2. Simulation'!E53-'1. Base'!E53 -> 0.00152 | F53: ='2. Simulation'!F53-'1. Base'!F53 -> 0 | G53: ='2. Simulation'!G53-'1. Base'!G53 -> 0 | H53: ='2. Simulation'!H53-'1. Base'!H53 -> 0 | I53: ='2. Simulation'!I53-'1. Base'!I53 -> 0 | J53: ='2. Simulation'!J53-'1. Base'!J53 -> 0 | K53: ='2. Simulation'!K53-'1. Base'!K53 -> 0 | L53: ='2. Simulation'!L53-'1. Base'!L53 -> 0 | ... X53: ='2. Simulation'!X53-'1. Base'!X53 -> 0 | Y53: =SUM(E53:U53) -> 0.00152
B54: ● | C54: =IF('2. Simulation'!C54='1. Base'!C54,"RAS","SWITCH") -> RAS | D54: 1-5 Rocta (Trio) (0,06%) | E54: ='2. Simulation'!E54-'1. Base'!E54 -> 0 | F54: ='2. Simulation'!F54-'1. Base'!F54 -> 0 | G54: ='2. Simulation'!G54-'1. Base'!G54 -> 0 | H54: ='2. Simulation'!H54-'1. Base'!H54 -> 0 | I54: ='2. Simulation'!I54-'1. Base'!I54 -> 0 | J54: ='2. Simulation'!J54-'1. Base'!J54 -> 0 | K54: ='2. Simulation'!K54-'1. Base'!K54 -> 0 | L54: ='2. Simulation'!L54-'1. Base'!L54 -> 0 | ... X54: ='2. Simulation'!X54-'1. Base'!X54 -> 0 | Y54: =SUM(E54:X54) -> 0
B55: ● | D55: Bonus Mét + Cri + Deut | E55: ='2. Simulation'!E55-'1. Base'!E55 -> 0 | F55: ='2. Simulation'!F55-'1. Base'!F55 -> 0 | G55: ='2. Simulation'!G55-'1. Base'!G55 -> 0 | H55: ='2. Simulation'!H55-'1. Base'!H55 -> 0 | I55: ='2. Simulation'!I55-'1. Base'!I55 -> 0 | J55: ='2. Simulation'!J55-'1. Base'!J55 -> 0 | K55: ='2. Simulation'!K55-'1. Base'!K55 -> 0 | L55: ='2. Simulation'!L55-'1. Base'!L55 -> 0 | ... X55: ='2. Simulation'!X55-'1. Base'!X55 -> 0 | Y55: =SUM(E55:U55) -> 0
B56: ● | C56: =IF('2. Simulation'!C56='1. Base'!C56,"RAS","SWITCH") -> RAS | D56: 2-1 Rocta (Mét) (0,08%) | E56: ='2. Simulation'!E56-'1. Base'!E56 -> 0 | F56: ='2. Simulation'!F56-'1. Base'!F56 -> 0 | G56: ='2. Simulation'!G56-'1. Base'!G56 -> 0 | H56: ='2. Simulation'!H56-'1. Base'!H56 -> 0 | I56: ='2. Simulation'!I56-'1. Base'!I56 -> 0 | J56: ='2. Simulation'!J56-'1. Base'!J56 -> 0 | K56: ='2. Simulation'!K56-'1. Base'!K56 -> 0 | L56: ='2. Simulation'!L56-'1. Base'!L56 -> 0 | ... X56: ='2. Simulation'!X56-'1. Base'!X56 -> 0 | Y56: =SUM(E56:X56) -> 0
B57: ● | D57: Bonus Mét | E57: ='2. Simulation'!E57-'1. Base'!E57 -> 0.00128 | F57: ='2. Simulation'!F57-'1. Base'!F57 -> 0 | G57: ='2. Simulation'!G57-'1. Base'!G57 -> 0 | H57: ='2. Simulation'!H57-'1. Base'!H57 -> 0 | I57: ='2. Simulation'!I57-'1. Base'!I57 -> 0 | J57: ='2. Simulation'!J57-'1. Base'!J57 -> 0 | K57: ='2. Simulation'!K57-'1. Base'!K57 -> 0 | L57: ='2. Simulation'!L57-'1. Base'!L57 -> 0 | ... X57: ='2. Simulation'!X57-'1. Base'!X57 -> 0 | Y57: =SUM(E57:U57) -> 0.00128
B58: ● | C58: =IF('2. Simulation'!C58='1. Base'!C58,"RAS","SWITCH") -> RAS | D58: 2-4 Rocta (Mét) (0,08%) | E58: ='2. Simulation'!E58-'1. Base'!E58 -> 0 | F58: ='2. Simulation'!F58-'1. Base'!F58 -> 0 | G58: ='2. Simulation'!G58-'1. Base'!G58 -> 0 | H58: ='2. Simulation'!H58-'1. Base'!H58 -> 0 | I58: ='2. Simulation'!I58-'1. Base'!I58 -> 0 | J58: ='2. Simulation'!J58-'1. Base'!J58 -> 0 | K58: ='2. Simulation'!K58-'1. Base'!K58 -> 0 | L58: ='2. Simulation'!L58-'1. Base'!L58 -> 0 | ... X58: ='2. Simulation'!X58-'1. Base'!X58 -> 0 | Y58: =SUM(E58:X58) -> 0
B59: ● | D59: Bonus Mét | E59: ='2. Simulation'!E59-'1. Base'!E59 -> 0.0012 | F59: ='2. Simulation'!F59-'1. Base'!F59 -> 0 | G59: ='2. Simulation'!G59-'1. Base'!G59 -> 0 | H59: ='2. Simulation'!H59-'1. Base'!H59 -> 0 | I59: ='2. Simulation'!I59-'1. Base'!I59 -> 0 | J59: ='2. Simulation'!J59-'1. Base'!J59 -> 0 | K59: ='2. Simulation'!K59-'1. Base'!K59 -> 0 | L59: ='2. Simulation'!L59-'1. Base'!L59 -> 0 | ... X59: ='2. Simulation'!X59-'1. Base'!X59 -> 0 | Y59: =SUM(E59:U59) -> 0.0012
B60: ● | C60: =IF('2. Simulation'!C60='1. Base'!C60,"RAS","SWITCH") -> RAS | D60: 2-5 Rocta (Cri) (0,08%) | E60: ='2. Simulation'!E60-'1. Base'!E60 -> 0 | F60: ='2. Simulation'!F60-'1. Base'!F60 -> 0 | G60: ='2. Simulation'!G60-'1. Base'!G60 -> 0 | H60: ='2. Simulation'!H60-'1. Base'!H60 -> 0 | I60: ='2. Simulation'!I60-'1. Base'!I60 -> 0 | J60: ='2. Simulation'!J60-'1. Base'!J60 -> 0 | K60: ='2. Simulation'!K60-'1. Base'!K60 -> 0 | L60: ='2. Simulation'!L60-'1. Base'!L60 -> 0 | ... X60: ='2. Simulation'!X60-'1. Base'!X60 -> 0 | Y60: =SUM(E60:X60) -> 0
B61: ● | D61: Bonus Cri | E61: ='2. Simulation'!E61-'1. Base'!E61 -> 0 | F61: ='2. Simulation'!F61-'1. Base'!F61 -> 0 | G61: ='2. Simulation'!G61-'1. Base'!G61 -> 0 | H61: ='2. Simulation'!H61-'1. Base'!H61 -> 0 | I61: ='2. Simulation'!I61-'1. Base'!I61 -> 0 | J61: ='2. Simulation'!J61-'1. Base'!J61 -> 0 | K61: ='2. Simulation'!K61-'1. Base'!K61 -> 0 | L61: ='2. Simulation'!L61-'1. Base'!L61 -> 0 | ... X61: ='2. Simulation'!X61-'1. Base'!X61 -> 0 | Y61: =SUM(E61:U61) -> 0
B62: ● | C62: =IF('2. Simulation'!C62='1. Base'!C62,"RAS","SWITCH") -> RAS | D62: 2-6 Rocta (Deut) (0,08%) | E62: ='2. Simulation'!E62-'1. Base'!E62 -> 0 | F62: ='2. Simulation'!F62-'1. Base'!F62 -> 0 | G62: ='2. Simulation'!G62-'1. Base'!G62 -> 0 | H62: ='2. Simulation'!H62-'1. Base'!H62 -> 0 | I62: ='2. Simulation'!I62-'1. Base'!I62 -> 0 | J62: ='2. Simulation'!J62-'1. Base'!J62 -> 0 | K62: ='2. Simulation'!K62-'1. Base'!K62 -> 0 | L62: ='2. Simulation'!L62-'1. Base'!L62 -> 0 | ... X62: ='2. Simulation'!X62-'1. Base'!X62 -> 0 | Y62: =SUM(E62:X62) -> 0
B63: ● | D63: Bonus Deut | E63: ='2. Simulation'!E63-'1. Base'!E63 -> 0 | F63: ='2. Simulation'!F63-'1. Base'!F63 -> 0 | G63: ='2. Simulation'!G63-'1. Base'!G63 -> 0 | H63: ='2. Simulation'!H63-'1. Base'!H63 -> 0 | I63: ='2. Simulation'!I63-'1. Base'!I63 -> 0 | J63: ='2. Simulation'!J63-'1. Base'!J63 -> 0 | K63: ='2. Simulation'!K63-'1. Base'!K63 -> 0 | L63: ='2. Simulation'!L63-'1. Base'!L63 -> 0 | ... X63: ='2. Simulation'!X63-'1. Base'!X63 -> 0 | Y63: =SUM(E63:U63) -> 0
B64: ● | C64: =IF('2. Simulation'!C64='1. Base'!C64,"RAS","SWITCH") -> RAS | D64: 3-6 Rocta (Collec) (0,02%) | E64: ='2. Simulation'!E64-'1. Base'!E64 -> 0 | F64: ='2. Simulation'!F64-'1. Base'!F64 -> 0 | G64: ='2. Simulation'!G64-'1. Base'!G64 -> 0 | H64: ='2. Simulation'!H64-'1. Base'!H64 -> 0 | I64: ='2. Simulation'!I64-'1. Base'!I64 -> 0 | J64: ='2. Simulation'!J64-'1. Base'!J64 -> 0 | K64: ='2. Simulation'!K64-'1. Base'!K64 -> 0 | L64: ='2. Simulation'!L64-'1. Base'!L64 -> 0 | ... X64: ='2. Simulation'!X64-'1. Base'!X64 -> 0 | Y64: =SUM(E64:X64) -> 0
B65: ● | D65: Bonus Collecteur | E65: ='2. Simulation'!E65-'1. Base'!E65 -> 0 | F65: ='2. Simulation'!F65-'1. Base'!F65 -> 0 | G65: ='2. Simulation'!G65-'1. Base'!G65 -> 0 | H65: ='2. Simulation'!H65-'1. Base'!H65 -> 0 | I65: ='2. Simulation'!I65-'1. Base'!I65 -> 0 | J65: ='2. Simulation'!J65-'1. Base'!J65 -> 0 | K65: ='2. Simulation'!K65-'1. Base'!K65 -> 0 | L65: ='2. Simulation'!L65-'1. Base'!L65 -> 0 | ... X65: ='2. Simulation'!X65-'1. Base'!X65 -> 0 | Y65: =SUM(E65:U65) -> 0
B66: ● | C66: =IF('2. Simulation'!C66='1. Base'!C66,"RAS","SWITCH") -> RAS | D66: 1-2 Kaelesh (Deut) (0,08%) | E66: ='2. Simulation'!E66-'1. Base'!E66 -> 0 | F66: ='2. Simulation'!F66-'1. Base'!F66 -> 0 | G66: ='2. Simulation'!G66-'1. Base'!G66 -> 0 | H66: ='2. Simulation'!H66-'1. Base'!H66 -> 0 | I66: ='2. Simulation'!I66-'1. Base'!I66 -> 0 | J66: ='2. Simulation'!J66-'1. Base'!J66 -> 0 | K66: ='2. Simulation'!K66-'1. Base'!K66 -> 0 | L66: ='2. Simulation'!L66-'1. Base'!L66 -> 0 | ... X66: ='2. Simulation'!X66-'1. Base'!X66 -> 0 | Y66: =SUM(E66:X66) -> 0
B67: ● | D67: Bonus Deut | E67: ='2. Simulation'!E67-'1. Base'!E67 -> 0 | F67: ='2. Simulation'!F67-'1. Base'!F67 -> 0 | G67: ='2. Simulation'!G67-'1. Base'!G67 -> 0 | H67: ='2. Simulation'!H67-'1. Base'!H67 -> 0 | I67: ='2. Simulation'!I67-'1. Base'!I67 -> 0 | J67: ='2. Simulation'!J67-'1. Base'!J67 -> 0 | K67: ='2. Simulation'!K67-'1. Base'!K67 -> 0 | L67: ='2. Simulation'!L67-'1. Base'!L67 -> 0 | ... X67: ='2. Simulation'!X67-'1. Base'!X67 -> 0 | Y67: =SUM(E67:U67) -> 0
B68: ● | C68: =IF('2. Simulation'!C68='1. Base'!C68,"RAS","SWITCH") -> RAS | D68: 2-6 Kaelesh (Trio) (0,06%) | E68: ='2. Simulation'!E68-'1. Base'!E68 -> 0 | F68: ='2. Simulation'!F68-'1. Base'!F68 -> 0 | G68: ='2. Simulation'!G68-'1. Base'!G68 -> 0 | H68: ='2. Simulation'!H68-'1. Base'!H68 -> 0 | I68: ='2. Simulation'!I68-'1. Base'!I68 -> 0 | J68: ='2. Simulation'!J68-'1. Base'!J68 -> 0 | K68: ='2. Simulation'!K68-'1. Base'!K68 -> 0 | L68: ='2. Simulation'!L68-'1. Base'!L68 -> 0 | ... X68: ='2. Simulation'!X68-'1. Base'!X68 -> 0 | Y68: =SUM(E68:X68) -> 0
B69: ● | D69: Bonus Mét + Cri + Deut | E69: ='2. Simulation'!E69-'1. Base'!E69 -> 0.0009 | F69: ='2. Simulation'!F69-'1. Base'!F69 -> 0 | G69: ='2. Simulation'!G69-'1. Base'!G69 -> 0 | H69: ='2. Simulation'!H69-'1. Base'!H69 -> 0 | I69: ='2. Simulation'!I69-'1. Base'!I69 -> 0 | J69: ='2. Simulation'!J69-'1. Base'!J69 -> 0 | K69: ='2. Simulation'!K69-'1. Base'!K69 -> 0 | L69: ='2. Simulation'!L69-'1. Base'!L69 -> 0 | ... X69: ='2. Simulation'!X69-'1. Base'!X69 -> 0 | Y69: =SUM(E69:U69) -> 0.0009
B71: ● | D71: Bonus Métal Par Planète | E71: =E41+E43+E47+E49+E55+E57+E59+E69 -> 0.00722 | F71: =F41+F43+F47+F49+F55+F57+F59+F69 -> 0 | G71: =G41+G43+G47+G49+G55+G57+G59+G69 -> 0 | H71: =H41+H43+H47+H49+H55+H57+H59+H69 -> 0 | I71: =I41+I43+I47+I49+I55+I57+I59+I69 -> 0 | J71: =J41+J43+J47+J49+J55+J57+J59+J69 -> 0 | K71: =K41+K43+K47+K49+K55+K57+K59+K69 -> 0 | L71: =L41+L43+L47+L49+L55+L57+L59+L69 -> 0 | ... X71: =X41+X43+X47+X49+X55+X57+X59+X69 -> 0 | Y71: =SUM(E71:U71) -> 0.00722 | Z71: M
B72: ● | D72: Bonus Cristal Par Planète | E72: =E41+E43+E47+E49+E51+E55+E61+E69 -> 0.00474 | F72: =F41+F43+F47+F49+F51+F55+F61+F69 -> 0 | G72: =G41+G43+G47+G49+G51+G55+G61+G69 -> 0 | H72: =H41+H43+H47+H49+H51+H55+H61+H69 -> 0 | I72: =I41+I43+I47+I49+I51+I55+I61+I69 -> 0 | J72: =J41+J43+J47+J49+J51+J55+J61+J69 -> 0 | K72: =K41+K43+K47+K49+K51+K55+K61+K69 -> 0 | L72: =L41+L43+L47+L49+L51+L55+L61+L69 -> 0 | ... X72: =X41+X43+X47+X49+X51+X55+X61+X69 -> 0 | Y72: =SUM(E72:U72) -> 0.00474 | Z72: C
B73: ● | D73: Bonus Deut Par Planète | E73: =E41+E43+E45+E47+E49+E53+E55+E63+E67+E69 -> 0.00786 | F73: =F41+F43+F45+F47+F49+F53+F55+F63+F67+F69 -> 0 | G73: =G41+G43+G45+G47+G49+G53+G55+G63+G67+G69 -> 0 | H73: =H41+H43+H45+H47+H49+H53+H55+H63+H67+H69 -> 0 | I73: =I41+I43+I45+I47+I49+I53+I55+I63+I67+I69 -> 0 | J73: =J41+J43+J45+J47+J49+J53+J55+J63+J67+J69 -> 0 | K73: =K41+K43+K45+K47+K49+K53+K55+K63+K67+K69 -> 0 | L73: =L41+L43+L45+L47+L49+L53+L55+L63+L67+L69 -> 0 | ... X73: =X41+X43+X45+X47+X49+X53+X55+X63+X67+X69 -> 0 | Y73: =SUM(E73:U73) -> 0.00786 | Z73: D
B75: Détail Prod
B76: ● | C76: Base | D76: Revenu de départ Métal (/h) | E76: ='2. Simulation'!E76-'1. Base'!E76 -> 0 | F76: ='2. Simulation'!F76-'1. Base'!F76 -> 0 | G76: ='2. Simulation'!G76-'1. Base'!G76 -> 0 | H76: ='2. Simulation'!H76-'1. Base'!H76 -> 0 | I76: ='2. Simulation'!I76-'1. Base'!I76 -> 0 | J76: ='2. Simulation'!J76-'1. Base'!J76 -> 0 | K76: ='2. Simulation'!K76-'1. Base'!K76 -> 0 | L76: ='2. Simulation'!L76-'1. Base'!L76 -> 0 | ... X76: ='2. Simulation'!X76-'1. Base'!X76 -> 0 | Y76: =SUM(E76:X76) -> 0 | Z76: M
B77: ● | C77: Base | D77: Revenu de départ Cristal (/h) | E77: ='2. Simulation'!E77-'1. Base'!E77 -> 0 | F77: ='2. Simulation'!F77-'1. Base'!F77 -> 0 | G77: ='2. Simulation'!G77-'1. Base'!G77 -> 0 | H77: ='2. Simulation'!H77-'1. Base'!H77 -> 0 | I77: ='2. Simulation'!I77-'1. Base'!I77 -> 0 | J77: ='2. Simulation'!J77-'1. Base'!J77 -> 0 | K77: ='2. Simulation'!K77-'1. Base'!K77 -> 0 | L77: ='2. Simulation'!L77-'1. Base'!L77 -> 0 | ... X77: ='2. Simulation'!X77-'1. Base'!X77 -> 0 | Y77: =SUM(E77:X77) -> 0 | Z77: C
B78: ● | C78: Base | D78: Prod. Métal (/h) | E78: ='2. Simulation'!E78-'1. Base'!E78 -> 0 | F78: ='2. Simulation'!F78-'1. Base'!F78 -> 0 | G78: ='2. Simulation'!G78-'1. Base'!G78 -> 0 | H78: ='2. Simulation'!H78-'1. Base'!H78 -> 0 | I78: ='2. Simulation'!I78-'1. Base'!I78 -> 0 | J78: ='2. Simulation'!J78-'1. Base'!J78 -> 0 | K78: ='2. Simulation'!K78-'1. Base'!K78 -> 0 | L78: ='2. Simulation'!L78-'1. Base'!L78 -> 0 | ... X78: ='2. Simulation'!X78-'1. Base'!X78 -> 0 | Y78: =SUM(E78:X78) -> 0 | Z78: M
B79: ● | C79: Base | D79: Prod. Cristal (/h) | E79: ='2. Simulation'!E79-'1. Base'!E79 -> 0 | F79: ='2. Simulation'!F79-'1. Base'!F79 -> 0 | G79: ='2. Simulation'!G79-'1. Base'!G79 -> 0 | H79: ='2. Simulation'!H79-'1. Base'!H79 -> 0 | I79: ='2. Simulation'!I79-'1. Base'!I79 -> 0 | J79: ='2. Simulation'!J79-'1. Base'!J79 -> 0 | K79: ='2. Simulation'!K79-'1. Base'!K79 -> 0 | L79: ='2. Simulation'!L79-'1. Base'!L79 -> 0 | ... X79: ='2. Simulation'!X79-'1. Base'!X79 -> 0 | Y79: =SUM(E79:X79) -> 0 | Z79: C
B80: ● | C80: Base | D80: Prod. Deut (/h) | E80: ='2. Simulation'!E80-'1. Base'!E80 -> 0 | F80: ='2. Simulation'!F80-'1. Base'!F80 -> 0 | G80: ='2. Simulation'!G80-'1. Base'!G80 -> 0 | H80: ='2. Simulation'!H80-'1. Base'!H80 -> 0 | I80: ='2. Simulation'!I80-'1. Base'!I80 -> 0 | J80: ='2. Simulation'!J80-'1. Base'!J80 -> 0 | K80: ='2. Simulation'!K80-'1. Base'!K80 -> 0 | L80: ='2. Simulation'!L80-'1. Base'!L80 -> 0 | ... X80: ='2. Simulation'!X80-'1. Base'!X80 -> 0 | Y80: =SUM(E80:X80) -> 0 | Z80: D
B81: ● | C81: Base | D81: Conso. Deut (/h) | E81: ='2. Simulation'!E81-'1. Base'!E81 -> 0 | F81: ='2. Simulation'!F81-'1. Base'!F81 -> 0 | G81: ='2. Simulation'!G81-'1. Base'!G81 -> 0 | H81: ='2. Simulation'!H81-'1. Base'!H81 -> 0 | I81: ='2. Simulation'!I81-'1. Base'!I81 -> 0 | J81: ='2. Simulation'!J81-'1. Base'!J81 -> 0 | K81: ='2. Simulation'!K81-'1. Base'!K81 -> 0 | L81: ='2. Simulation'!L81-'1. Base'!L81 -> 0 | ... X81: ='2. Simulation'!X81-'1. Base'!X81 -> 0 | Y81: =SUM(E81:X81) -> 0 | Z81: D
B82: ● | C82: Bat FDV | D82: Boost Bat Rocta Mét (/h) | E82: ='2. Simulation'!E82-'1. Base'!E82 -> -642642.16 | F82: ='2. Simulation'!F82-'1. Base'!F82 -> 0 | G82: ='2. Simulation'!G82-'1. Base'!G82 -> 0 | H82: ='2. Simulation'!H82-'1. Base'!H82 -> 0 | I82: ='2. Simulation'!I82-'1. Base'!I82 -> 0 | J82: ='2. Simulation'!J82-'1. Base'!J82 -> 0 | K82: ='2. Simulation'!K82-'1. Base'!K82 -> 0 | L82: ='2. Simulation'!L82-'1. Base'!L82 -> 0 | ... X82: ='2. Simulation'!X82-'1. Base'!X82 -> 0 | Y82: =SUM(E82:X82) -> -642642.16 | Z82: M
B83: ● | C83: Bat FDV | D83: Boost Bat Rocta Cri (/h) | E83: ='2. Simulation'!E83-'1. Base'!E83 -> -83441.609 | F83: ='2. Simulation'!F83-'1. Base'!F83 -> 0 | G83: ='2. Simulation'!G83-'1. Base'!G83 -> 0 | H83: ='2. Simulation'!H83-'1. Base'!H83 -> 0 | I83: ='2. Simulation'!I83-'1. Base'!I83 -> 0 | J83: ='2. Simulation'!J83-'1. Base'!J83 -> 0 | K83: ='2. Simulation'!K83-'1. Base'!K83 -> 0 | L83: ='2. Simulation'!L83-'1. Base'!L83 -> 0 | ... X83: ='2. Simulation'!X83-'1. Base'!X83 -> 0 | Y83: =SUM(E83:X83) -> -83441.609 | Z83: C
B84: ● | C84: Bat FDV | D84: Boost Bat Rocta Deut (/h) | E84: ='2. Simulation'!E84-'1. Base'!E84 -> -172619.12 | F84: ='2. Simulation'!F84-'1. Base'!F84 -> 0 | G84: ='2. Simulation'!G84-'1. Base'!G84 -> 0 | H84: ='2. Simulation'!H84-'1. Base'!H84 -> 0 | I84: ='2. Simulation'!I84-'1. Base'!I84 -> 0 | J84: ='2. Simulation'!J84-'1. Base'!J84 -> 0 | K84: ='2. Simulation'!K84-'1. Base'!K84 -> 0 | L84: ='2. Simulation'!L84-'1. Base'!L84 -> 0 | ... X84: ='2. Simulation'!X84-'1. Base'!X84 -> 0 | Y84: =SUM(E84:X84) -> -172619.12 | Z84: D
B85: ● | C85: Bat FDV | D85: Boost Bat Humains Mét (/h) | E85: ='2. Simulation'!E85-'1. Base'!E85 -> 0 | F85: ='2. Simulation'!F85-'1. Base'!F85 -> 0 | G85: ='2. Simulation'!G85-'1. Base'!G85 -> 0 | H85: ='2. Simulation'!H85-'1. Base'!H85 -> 0 | I85: ='2. Simulation'!I85-'1. Base'!I85 -> 0 | J85: ='2. Simulation'!J85-'1. Base'!J85 -> 0 | K85: ='2. Simulation'!K85-'1. Base'!K85 -> 0 | L85: ='2. Simulation'!L85-'1. Base'!L85 -> 0 | ... X85: ='2. Simulation'!X85-'1. Base'!X85 -> 0 | Y85: =SUM(E85:X85) -> 0 | Z85: M
B86: ● | C86: Bat FDV | D86: Boost Bat Humains Cri (/h) | E86: ='2. Simulation'!E86-'1. Base'!E86 -> 0 | F86: ='2. Simulation'!F86-'1. Base'!F86 -> 0 | G86: ='2. Simulation'!G86-'1. Base'!G86 -> 0 | H86: ='2. Simulation'!H86-'1. Base'!H86 -> 0 | I86: ='2. Simulation'!I86-'1. Base'!I86 -> 0 | J86: ='2. Simulation'!J86-'1. Base'!J86 -> 0 | K86: ='2. Simulation'!K86-'1. Base'!K86 -> 0 | L86: ='2. Simulation'!L86-'1. Base'!L86 -> 0 | ... X86: ='2. Simulation'!X86-'1. Base'!X86 -> 0 | Y86: =SUM(E86:X86) -> 0 | Z86: C
B87: ● | C87: Bat FDV | D87: Boost Bat Humains Deut (/h) | E87: ='2. Simulation'!E87-'1. Base'!E87 -> 0 | F87: ='2. Simulation'!F87-'1. Base'!F87 -> 0 | G87: ='2. Simulation'!G87-'1. Base'!G87 -> 0 | H87: ='2. Simulation'!H87-'1. Base'!H87 -> 0 | I87: ='2. Simulation'!I87-'1. Base'!I87 -> 0 | J87: ='2. Simulation'!J87-'1. Base'!J87 -> 0 | K87: ='2. Simulation'!K87-'1. Base'!K87 -> 0 | L87: ='2. Simulation'!L87-'1. Base'!L87 -> 0 | ... X87: ='2. Simulation'!X87-'1. Base'!X87 -> 0 | Y87: =SUM(E87:X87) -> 0 | Z87: D
... B138: ● | C138: Tech FDV | D138: Total Tech FDV Deut (/h) | E138: ='2. Simulation'!E138-'1. Base'!E138 -> 3990.548 | F138: ='2. Simulation'!F138-'1. Base'!F138 -> 0 | G138: ='2. Simulation'!G138-'1. Base'!G138 -> 0 | H138: ='2. Simulation'!H138-'1. Base'!H138 -> 0 | I138: ='2. Simulation'!I138-'1. Base'!I138 -> 0 | J138: ='2. Simulation'!J138-'1. Base'!J138 -> 0 | K138: ='2. Simulation'!K138-'1. Base'!K138 -> 0 | L138: ='2. Simulation'!L138-'1. Base'!L138 -> 0 | ... X138: ='2. Simulation'!X138-'1. Base'!X138 -> 0 | Y138: =SUM(E138:X138) -> 3990.548 | Z138: D
B140: Totaux Prod
B141: /h
B142: ● | C142: Total Prod | D142: Total Prod Mét (/h) | E142: =E78+E82+E85+E89+E92+E95+E98+E101+E104+E107+E136 -> -632555.47 | F142: =F78+F82+F85+F89+F92+F95+F98+F101+F104+F107+F136 -> 0 | G142: =G78+G82+G85+G89+G92+G95+G98+G101+G104+G107+G136 -> 0 | H142: =H78+H82+H85+H89+H92+H95+H98+H101+H104+H107+H136 -> 0 | I142: =I78+I82+I85+I89+I92+I95+I98+I101+I104+I107+I136 -> 0 | J142: =J78+J82+J85+J89+J92+J95+J98+J101+J104+J107+J136 -> 0 | K142: =K78+K82+K85+K89+K92+K95+K98+K101+K104+K107+K136 -> 0 | L142: =L78+L82+L85+L89+L92+L95+L98+L101+L104+L107+L136 -> 0 | ... X142: =X78+X82+X85+X89+X92+X95+X98+X101+X104+X107+X136 -> 0 | Y142: =SUM(E142:X142) -> -632555.47 | Z142: M
B143: ● | C143: Total Prod | D143: Total Prod Cri (/h) | E143: =E79+E83+E86+E90+E93+E96+E99+E102+E105+E108+E137 -> -81920.405 | F143: =F79+F83+F86+F90+F93+F96+F99+F102+F105+F108+F137 -> 0 | G143: =G79+G83+G86+G90+G93+G96+G99+G102+G105+G108+G137 -> 0 | H143: =H79+H83+H86+H90+H93+H96+H99+H102+H105+H108+H137 -> 0 | I143: =I79+I83+I86+I90+I93+I96+I99+I102+I105+I108+I137 -> 0 | J143: =J79+J83+J86+J90+J93+J96+J99+J102+J105+J108+J137 -> 0 | K143: =K79+K83+K86+K90+K93+K96+K99+K102+K105+K108+K137 -> 0 | L143: =L79+L83+L86+L90+L93+L96+L99+L102+L105+L108+L137 -> 0 | ... X143: =X79+X83+X86+X90+X93+X96+X99+X102+X105+X108+X137 -> 0 | Y143: =SUM(E143:X143) -> -81920.405 | Z143: C
B144: ● | C144: Total Prod | D144: Total Prod Deut (/h) | E144: =E80-E81+E84+E87+E88+E91+E94+E97+E100+E103+E106+E109+E138 -> -16317.584 | F144: =F80-F81+F84+F87+F88+F91+F94+F97+F100+F103+F106+F109+F138 -> 0 | G144: =G80-G81+G84+G87+G88+G91+G94+G97+G100+G103+G106+G109+G138 -> 0 | H144: =H80-H81+H84+H87+H88+H91+H94+H97+H100+H103+H106+H109+H138 -> 0 | I144: =I80-I81+I84+I87+I88+I91+I94+I97+I100+I103+I106+I109+I138 -> 0 | J144: =J80-J81+J84+J87+J88+J91+J94+J97+J100+J103+J106+J109+J138 -> 0 | K144: =K80-K81+K84+K87+K88+K91+K94+K97+K100+K103+K106+K109+K138 -> 0 | L144: =L80-L81+L84+L87+L88+L91+L94+L97+L100+L103+L106+L109+L138 -> 0 | ... X144: =X80-X81+X84+X87+X88+X91+X94+X97+X100+X103+X106+X109+X138 -> 0 | Y144: =SUM(E144:X144) -> -16317.584 | Z144: D
B145: ● | C145: Total Prod | D145: Total Points Produits (/h) | E145: =SUM(E142:E144) -> -730793.46 | F145: =SUM(F142:F144) -> 0 | G145: =SUM(G142:G144) -> 0 | H145: =SUM(H142:H144) -> 0 | I145: =SUM(I142:I144) -> 0 | J145: =SUM(J142:J144) -> 0 | K145: =SUM(K142:K144) -> 0 | L145: =SUM(L142:L144) -> 0 | ... X145: =SUM(X142:X144) -> 0 | Y145: =SUM(E145:X145) -> -730793.46 | Z145: GLO
B146: ● | C146: Total Prod | D146: Total USM Produits (/h) | E146: =E142+E143*1.5+E144*3 -> -804388.83 | F146: =F142+F143*1.5+F144*3 -> 0 | G146: =G142+G143*1.5+G144*3 -> 0 | H146: =H142+H143*1.5+H144*3 -> 0 | I146: =I142+I143*1.5+I144*3 -> 0 | J146: =J142+J143*1.5+J144*3 -> 0 | K146: =K142+K143*1.5+K144*3 -> 0 | L146: =L142+L143*1.5+L144*3 -> 0 | ... X146: =X142+X143*1.5+X144*3 -> 0 | Y146: =SUM(E146:X146) -> -804388.83 | Z146: USM
B147: /j
B148: ● | C148: Total Prod | D148: Total Prod Mét (/j) | E148: =E142*24 -> -15181331 | F148: =F142*24 -> 0 | G148: =G142*24 -> 0 | H148: =H142*24 -> 0 | I148: =I142*24 -> 0 | J148: =J142*24 -> 0 | K148: =K142*24 -> 0 | L148: =L142*24 -> 0 | ... X148: =X142*24 -> 0 | Y148: =SUM(E148:X148) -> -15181331 | Z148: M
B149: ● | C149: Total Prod | D149: Total Prod Cri (/j) | E149: =E143*24 -> -1966089.7 | F149: =F143*24 -> 0 | G149: =G143*24 -> 0 | H149: =H143*24 -> 0 | I149: =I143*24 -> 0 | J149: =J143*24 -> 0 | K149: =K143*24 -> 0 | L149: =L143*24 -> 0 | ... X149: =X143*24 -> 0 | Y149: =SUM(E149:X149) -> -1966089.7 | Z149: C
B150: ● | C150: Total Prod | D150: Total Prod Deut (/j) | E150: =E144*24 -> -391622.02 | F150: =F144*24 -> 0 | G150: =G144*24 -> 0 | H150: =H144*24 -> 0 | I150: =I144*24 -> 0 | J150: =J144*24 -> 0 | K150: =K144*24 -> 0 | L150: =L144*24 -> 0 | ... X150: =X144*24 -> 0 | Y150: =SUM(E150:X150) -> -391622.02 | Z150: D
B151: ● | C151: Total Prod | D151: Total Points Produits (/j) | E151: =SUM(E148:E150) -> -17539043 | F151: =SUM(F148:F150) -> 0 | G151: =SUM(G148:G150) -> 0 | H151: =SUM(H148:H150) -> 0 | I151: =SUM(I148:I150) -> 0 | J151: =SUM(J148:J150) -> 0 | K151: =SUM(K148:K150) -> 0 | L151: =SUM(L148:L150) -> 0 | ... X151: =SUM(X148:X150) -> 0 | Y151: =SUM(E151:X151) -> -17539043 | Z151: GLO
B152: ● | C152: Total Prod | D152: Total USM Produits (/j) | E152: =E148+E149*1.5+E150*3 -> -19305332 | F152: =F148+F149*1.5+F150*3 -> 0 | G152: =G148+G149*1.5+G150*3 -> 0 | H152: =H148+H149*1.5+H150*3 -> 0 | I152: =I148+I149*1.5+I150*3 -> 0 | J152: =J148+J149*1.5+J150*3 -> 0 | K152: =K148+K149*1.5+K150*3 -> 0 | L152: =L148+L149*1.5+L150*3 -> 0 | ... X152: =X148+X149*1.5+X150*3 -> 0 | Y152: =SUM(E152:X152) -> -19305332 | Z152: USM
B153: /sem
B154: ● | C154: Total Prod | D154: Total Prod Mét (/sem) | E154: =E148*7 -> -1.0626932e+08 | F154: =F148*7 -> 0 | G154: =G148*7 -> 0 | H154: =H148*7 -> 0 | I154: =I148*7 -> 0 | J154: =J148*7 -> 0 | K154: =K148*7 -> 0 | L154: =L148*7 -> 0 | ... X154: =X148*7 -> 0 | Y154: =SUM(E154:X154) -> -1.0626932e+08 | Z154: M
B155: ● | C155: Total Prod | D155: Total Prod Cri (/sem) | E155: =E149*7 -> -13762628 | F155: =F149*7 -> 0 | G155: =G149*7 -> 0 | H155: =H149*7 -> 0 | I155: =I149*7 -> 0 | J155: =J149*7 -> 0 | K155: =K149*7 -> 0 | L155: =L149*7 -> 0 | ... X155: =X149*7 -> 0 | Y155: =SUM(E155:X155) -> -13762628 | Z155: C
B156: ● | C156: Total Prod | D156: Total Prod Deut (/sem) | E156: =E150*7 -> -2741354.1 | F156: =F150*7 -> 0 | G156: =G150*7 -> 0 | H156: =H150*7 -> 0 | I156: =I150*7 -> 0 | J156: =J150*7 -> 0 | K156: =K150*7 -> 0 | L156: =L150*7 -> 0 | ... X156: =X150*7 -> 0 | Y156: =SUM(E156:X156) -> -2741354.1 | Z156: D
B157: ● | C157: Total Prod | D157: Total Points Produits (/sem) | E157: =SUM(E154:E156) -> -1.227733e+08 | F157: =SUM(F154:F156) -> 0 | G157: =SUM(G154:G156) -> 0 | H157: =SUM(H154:H156) -> 0 | I157: =SUM(I154:I156) -> 0 | J157: =SUM(J154:J156) -> 0 | K157: =SUM(K154:K156) -> 0 | L157: =SUM(L154:L156) -> 0 | ... X157: =SUM(X154:X156) -> 0 | Y157: =SUM(E157:X157) -> -1.227733e+08 | Z157: GLO
B158: ● | C158: Total Prod | D158: Total USM Produits (/sem) | E158: =E154+E155*1.5+E156*3 -> -1.3513732e+08 | F158: =F154+F155*1.5+F156*3 -> 0 | G158: =G154+G155*1.5+G156*3 -> 0 | H158: =H154+H155*1.5+H156*3 -> 0 | I158: =I154+I155*1.5+I156*3 -> 0 | J158: =J154+J155*1.5+J156*3 -> 0 | K158: =K154+K155*1.5+K156*3 -> 0 | L158: =L154+L155*1.5+L156*3 -> 0 | ... X158: =X154+X155*1.5+X156*3 -> 0 | Y158: =SUM(E158:X158) -> -1.3513732e+08 | Z158: USM
...

Sheet 4. Synthèse
C1: Bonus Tech FDV
C2: ● | D2: Bonus Métal Global | E2: ='3. Comparaison'!Y71 -> 0.00722 | F2: M
C3: ● | D3: Bonus Cristal Global | E3: ='3. Comparaison'!Y72 -> 0.00474 | F3: C
C4: ● | D4: Bonus Deut Global | E4: ='3. Comparaison'!Y73 -> 0.00786 | F4: D
B6: Détail Prod | C6: Synthèse Gain/Perte
B8: ● | C8: Base | D8: Prod. Métal (/h) | E8: ='3. Comparaison'!Y78 -> 0 | F8: M
B9: ● | C9: Base | D9: Prod. Cristal (/h) | E9: ='3. Comparaison'!Y79 -> 0 | F9: C
B10: ● | C10: Base | D10: Prod. Deut (/h) | E10: ='3. Comparaison'!Y80 -> 0 | F10: D
B11: ● | C11: Bat FDV | D11: Prod. Métal (/h) | E11: ='3. Comparaison'!Y82+'3. Comparaison'!Y85 -> -642642.16 | F11: M
B12: ● | C12: Bat FDV | D12: Prod. Cristal (/h) | E12: ='3. Comparaison'!Y83+'3. Comparaison'!Y86 -> -83441.609 | F12: C
B13: ● | C13: Bat FDV | D13: Prod. Deut (/h) | E13: ='3. Comparaison'!Y84+'3. Comparaison'!Y87+'3. Comparaison'!Y88 -> -20308.132 | F13: D
B14: ● | C14: Tech FDV | D14: Prod. Métal (/h) | E14: ='3. Comparaison'!Y136 -> 10086.688 | F14: M
B15: ● | C15: Tech FDV | D15: Prod. Cristal (/h) | E15: ='3. Comparaison'!Y137 -> 1521.2047 | F15: C
B16: ● | C16: Tech FDV | D16: Prod. Deut (/h) | E16: ='3. Comparaison'!Y138 -> 3990.548 | F16: D
B18: Totaux Prod | C18: Synthèse Gain/Perte
B19: /j
B20: ● | C20: Total Prod | D20: Total Prod Mét (/j) | E20: ='3. Comparaison'!Y148 -> -15181331 | F20: M
B21: ● | C21: Total Prod | D21: Total Prod Cri (/j) | E21: ='3. Comparaison'!Y149 -> -1966089.7 | F21: C
B22: ● | C22: Total Prod | D22: Total Prod Deut (/j) | E22: ='3. Comparaison'!Y150 -> -391622.02 | F22: D
B23: ● | C23: Total Prod | D23: Total Points Produits (/j) | E23: ='3. Comparaison'!Y151 -> -17539043 | F23: GLO
B24: ● | C24: Total Prod | D24: Total USM Produits (/j) | E24: ='3. Comparaison'!Y152 -> -19305332 | F24: USM
B25: /mois
B26: ● | C26: Total Prod | D26: Total Prod Mét (/mois) | E26: ='3. Comparaison'!Y160 -> -4.7062127e+08 | F26: M
B27: ● | C27: Total Prod | D27: Total Prod Cri (/mois) | E27: ='3. Comparaison'!Y161 -> -60948781 | F27: C
B28: ● | C28: Total Prod | D28: Total Prod Deut (/mois) | E28: ='3. Comparaison'!Y162 -> -12140283 | F28: D
B29: ● | C29: Total Prod | D29: Total Points Produits (/mois) | E29: ='3. Comparaison'!Y163 -> -5.4371033e+08 | F29: GLO
B30: ● | C30: Total Prod | D30: Total USM Produits (/mois) | E30: ='3. Comparaison'!Y164 -> -5.9846529e+08 | F30: USM
B31: /an
B32: ● | C32: Total Prod | D32: Total Prod Mét (/an) | E32: ='3. Comparaison'!Y166 -> -5.5411859e+09 | F32: M
B33: ● | C33: Total Prod | D33: Total Prod Cri (/an) | E33: ='3. Comparaison'!Y167 -> -7.1762274e+08 | F33: C
B34: ● | C34: Total Prod | D34: Total Prod Deut (/an) | E34: ='3. Comparaison'!Y168 -> -1.4294204e+08 | F34: D
B35: ● | C35: Total Prod | D35: Total Points Produits (/an) | E35: ='3. Comparaison'!Y169 -> -6.4017507e+09 | F35: GLO
B36: ● | C36: Total Prod | D36: Total USM Produits (/an) | E36: ='3. Comparaison'!Y170 -> -7.0464461e+09 | F36: USM

Sheet Listes
A1: Liste Actif/Inactif | B1: Liste FDV | C1: Liste Classe | D1: Liste O/N
A2: Actif | B2: Rocta | C2: Explorateur | D2: Oui
A3: Inactif | B3: Humains | C3: Collecteur | D3: Non
B4: Méca | C4: Général
B5: Kaelesh
